Order_ID	Date	Category	Customer_Segment	Unit_Price_AED	Quantity	Total_Sales_AED	Payment_Method	Rating	Branch
10000	03-03-2024	Groceries	Corporate	191.3	1	191.3	Cash	4.8	Dubai Mall
10001	28-04-2024	Personal Care	Student	57.17	4	228.68	Credit Card	3.8	Dubai Silicon Oasis
10002	28-01-2024	Dairy	Regular	27.15	3	81.45	Google Pay	3.7	Al Nahda
10003	13-06-2024	Groceries	Student	59.49	3	178.47	Debit Card	3.7	Al Nahda
10004	23-04-2024	Clothes	Premium	317.25	3	951.75	Credit Card	4.5	Al Barsha
10005	01-09-2024	Electronics	Student	1523.17	2	3046.34	Credit Card	3.6	Dubai Mall
10006	01-08-2024	Toys	Corporate	86.3	3	258.9	Credit Card	4	Dubai Mall
10007	31-10-2024	Electronics	Premium	1085.87	1	1085.87	Apple Pay	3.8	Dubai Mall
10008	19-11-2024	Groceries	Regular	12.55	5	62.75	Google Pay	3.6	Al Barsha
10009	29-06-2024	Beauty	Student	225.19	4	900.76	Cash	4.7	Al Barsha
10010	25-12-2024	Beauty	Regular	114.47	2	228.94	Google Pay	4.3	Dubai Silicon Oasis
10011	17-06-2024	Clothes	Premium	329.45	4	1317.8	Credit Card	3.1	Al Nahda
10012	03-10-2024	Clothes	Corporate	427.52	4	1710.08	Credit Card	4.6	Al Barsha
10013	09-08-2024	Home Appliances	Regular	16.71	5	83.55	Google Pay	4.9	Al Barsha
10014	25-12-2024	Groceries	Regular	145	3	435	Google Pay	3.6	Dubai Silicon Oasis
10015	13-04-2024	Toys	Student	38.87	1	38.87	Credit Card	4.8	Al Barsha
10016	18-01-2024	Toys	Corporate	126.92	3	380.76	Debit Card	3.2	Dubai Silicon Oasis
10017	07-03-2024	Toys	Regular	70.91	5	354.55	Apple Pay	4.9	Al Nahda
10018	06-08-2024	Groceries	Corporate	37.52	3	112.56	Google Pay	3.4	Dubai Silicon Oasis
10019	03-09-2024	Beauty	Premium	278.95	5	1394.75	Cash	3.5	Al Barsha
10020	20-01-2024	Beauty	Corporate	256.21	1	256.21	Cash	4.6	Dubai Mall
10021	28-07-2024	Dairy	Premium	57.88	9	520.92	Cash	3.5	Dubai Mall
10022	10-05-2024	Toys	Student	285.73	2	571.46	Cash	3.1	Al Nahda
10023	20-07-2024	Groceries	Student	101.71	1	101.71	Apple Pay	4	Al Barsha
10024	24-10-2024	Beauty	Regular	37.4	3	112.2	Credit Card	3.8	Dubai Mall
10025	05-02-2024	Groceries	Premium	108.27	2	216.54	Credit Card	4.1	Dubai Silicon Oasis
10026	12-07-2024	Groceries	Premium	42.95	1	42.95	Google Pay	4.6	Dubai Mall
10027	16-10-2024	Toys	Regular	198.58	2	397.16	Credit Card	4.2	Al Barsha
10028	20-03-2024	Personal Care	Corporate	254.55	5	1272.75	Cash	4.7	Dubai Mall
10029	23-09-2024	Home Appliances	Premium	231.39	1	231.39	Debit Card	3.8	Al Barsha
10030	30-09-2024	Toys	Corporate	153.58	3	460.74	Cash	4.5	Dubai Mall
10031	29-10-2024	Personal Care	Premium	140.21	3	420.63	Credit Card	4.4	Dubai Silicon Oasis
10032	24-06-2024	Electronics	Student	4577.22	1	4577.22	Cash	3.1	Al Nahda
10033	07-03-2024	Groceries	Student	262.34	4	1049.36	Google Pay	4.6	Al Barsha
10034	19-10-2024	Groceries	Student	182.53	4	730.12	Debit Card	4.3	Dubai Mall
10035	18-01-2024	Beauty	Premium	159.86	3	479.58	Credit Card	4.8	Dubai Silicon Oasis
10036	10-04-2024	Clothes	Student	265.91	4	1063.64	Google Pay	4.1	Dubai Mall
10037	20-08-2024	Toys	Student	50.18	2	100.36	Cash	4.1	Dubai Mall
10038	18-03-2024	Toys	Regular	14.36	5	71.8	Debit Card	3	Al Nahda
10039	01-02-2024	Electronics	Corporate	3479.71	1	3479.71	Credit Card	4.4	Al Nahda
10040	06-02-2024	Dairy	Corporate	56.9	2	113.8	Credit Card	3.3	Dubai Silicon Oasis
10041	03-07-2024	Home Appliances	Regular	177.5	3	532.5	Google Pay	3.4	Al Nahda
10042	03-01-2024	Personal Care	Regular	238.01	2	476.02	Apple Pay	3.2	Al Barsha
10043	23-04-2024	Beauty	Regular	152.14	5	760.7	Debit Card	3.1	Dubai Mall
10044	29-06-2024	Personal Care	Corporate	263.16	3	789.48	Debit Card	5	Dubai Mall
10045	18-11-2024	Groceries	Premium	44.14	2	88.28	Debit Card	4.2	Al Barsha
10046	05-05-2024	Toys	Corporate	120.55	1	120.55	Credit Card	3.9	Dubai Silicon Oasis
10047	04-01-2024	Beauty	Premium	287.71	2	575.42	Debit Card	3.9	Dubai Silicon Oasis
10048	30-12-2024	Groceries	Student	177.42	4	709.68	Cash	3.1	Al Barsha
10049	10-04-2024	Electronics	Premium	3732.06	2	7464.12	Credit Card	4.9	Al Barsha
10050	07-01-2024	Clothes	Corporate	306.4	1	306.4	Cash	4.8	Dubai Mall
10051	30-06-2024	Groceries	Student	153.36	5	766.8	Debit Card	4.4	Dubai Mall
10052	30-11-2024	Electronics	Corporate	1052.76	2	2105.52	Cash	3.3	Dubai Mall
10053	29-04-2024	Dairy	Corporate	34.86	3	104.58	Cash	3.1	Dubai Mall
10054	31-03-2024	Home Appliances	Corporate	51.45	2	102.9	Cash	4.8	Al Nahda
10055	07-07-2024	Toys	Corporate	262.66	2	525.32	Credit Card	3.8	Dubai Mall
10056	26-06-2024	Dairy	Premium	11.14	9	100.26	Debit Card	3.2	Dubai Silicon Oasis
10057	23-09-2024	Personal Care	Student	278.39	3	835.17	Google Pay	3.3	Al Barsha
10058	29-03-2024	Dairy	Corporate	47.83	8	382.64	Credit Card	3	Al Barsha
10059	21-11-2024	Groceries	Premium	259.55	4	1038.2	Google Pay	4.2	Dubai Mall
10060	01-03-2024	Home Appliances	Premium	44.06	4	176.24	Credit Card	4.9	Dubai Silicon Oasis
10061	07-05-2024	Home Appliances	Regular	110.45	5	552.25	Google Pay	4.6	Dubai Silicon Oasis
10062	04-03-2024	Home Appliances	Regular	86.39	1	86.39	Credit Card	3.3	Al Barsha
10063	16-09-2024	Home Appliances	Corporate	234.99	1	234.99	Debit Card	4.8	Al Nahda
10064	23-12-2024	Beauty	Corporate	150.36	3	451.08	Google Pay	3.1	Al Barsha
10065	12-12-2024	Electronics	Corporate	1111.88	2	2223.76	Cash	3.1	Al Barsha
10066	12-02-2024	Electronics	Premium	3194.62	2	6389.24	Google Pay	4.4	Al Barsha
10067	21-08-2024	Groceries	Corporate	248.98	2	497.96	Credit Card	3.3	Al Nahda
10068	09-05-2024	Groceries	Corporate	174.81	2	349.62	Debit Card	4.9	Al Barsha
10069	08-10-2024	Dairy	Regular	38.55	2	77.1	Apple Pay	3.9	Al Barsha
10070	10-03-2024	Toys	Corporate	149.3	3	447.9	Cash	3.9	Al Barsha
10071	22-10-2024	Clothes	Corporate	196.82	3	590.46	Debit Card	4.9	Al Nahda
10072	03-01-2024	Home Appliances	Regular	117.84	5	589.2	Google Pay	4.7	Dubai Mall
10073	30-11-2024	Beauty	Regular	63.68	5	318.4	Apple Pay	3.5	Dubai Mall
10074	04-05-2024	Dairy	Student	14.58	2	29.16	Cash	4.9	Al Nahda
10075	10-02-2024	Beauty	Student	291.19	3	873.57	Cash	3.5	Al Nahda
10076	01-07-2024	Clothes	Premium	66.8	2	133.6	Apple Pay	3.2	Dubai Mall
10077	24-09-2024	Dairy	Premium	17.83	5	89.15	Debit Card	4.1	Dubai Mall
10078	25-07-2024	Toys	Corporate	217.4	4	869.6	Cash	3.3	Al Barsha
10079	26-06-2024	Personal Care	Corporate	166.56	4	666.24	Cash	4.7	Al Nahda
10080	02-03-2024	Dairy	Premium	13.19	7	92.33	Apple Pay	4.4	Al Nahda
10081	23-07-2024	Beauty	Regular	245.43	4	981.72	Apple Pay	3.4	Dubai Mall
10082	19-12-2024	Clothes	Premium	161.2	1	161.2	Debit Card	5	Dubai Silicon Oasis
10083	23-10-2024	Home Appliances	Student	156.23	4	624.92	Credit Card	3.9	Dubai Mall
10084	11-05-2024	Groceries	Regular	180.66	4	722.64	Google Pay	4.3	Dubai Mall
10085	12-01-2024	Electronics	Regular	3481.79	2	6963.58	Debit Card	3.6	Dubai Mall
10086	15-10-2024	Clothes	Regular	96.39	2	192.78	Debit Card	4.7	Dubai Silicon Oasis
10087	04-01-2024	Home Appliances	Corporate	73.72	1	73.72	Google Pay	3.8	Al Nahda
10088	21-04-2024	Clothes	Regular	165.25	1	165.25	Apple Pay	3.6	Dubai Mall
10089	08-12-2024	Personal Care	Regular	126.71	4	506.84	Google Pay	4.3	Dubai Silicon Oasis
10090	24-04-2024	Home Appliances	Student	104.68	3	314.04	Debit Card	4.3	Dubai Mall
10091	08-10-2024	Beauty	Student	38.38	1	38.38	Debit Card	4.2	Al Barsha
10092	24-09-2024	Personal Care	Corporate	32.06	4	128.24	Apple Pay	3.1	Al Barsha
10093	08-05-2024	Clothes	Corporate	149.78	4	599.12	Apple Pay	3.2	Dubai Mall
10094	27-07-2024	Beauty	Corporate	12.61	2	25.22	Apple Pay	3.7	Dubai Mall
10095	22-12-2024	Beauty	Premium	122.4	3	367.2	Google Pay	4.5	Al Barsha
10096	27-01-2024	Personal Care	Regular	64.98	5	324.9	Cash	4.3	Dubai Mall
10097	26-10-2024	Electronics	Student	2786.73	2	5573.46	Credit Card	4.8	Dubai Silicon Oasis
10098	05-07-2024	Clothes	Premium	248.01	3	744.03	Google Pay	3.2	Al Nahda
10099	01-04-2024	Dairy	Regular	47.49	4	189.96	Debit Card	3.9	Al Barsha
10100	10-10-2024	Dairy	Premium	48.75	3	146.25	Apple Pay	3.9	Dubai Mall
10101	17-07-2024	Personal Care	Premium	229.89	3	689.67	Apple Pay	4.7	Al Nahda
10102	19-03-2024	Toys	Student	268.92	5	1344.6	Cash	4.2	Dubai Mall
10103	10-11-2024	Groceries	Premium	191.04	2	382.08	Cash	3.8	Al Barsha
10104	20-07-2024	Home Appliances	Student	120.49	2	240.98	Credit Card	4.1	Dubai Mall
10105	31-05-2024	Groceries	Student	38.9	4	155.6	Google Pay	3.1	Dubai Silicon Oasis
10106	18-04-2024	Personal Care	Regular	214.23	4	856.92	Debit Card	3.3	Dubai Mall
10107	28-05-2024	Toys	Student	110.9	1	110.9	Apple Pay	3.2	Dubai Mall
10108	24-12-2024	Dairy	Student	45.48	2	90.96	Google Pay	4.7	Dubai Silicon Oasis
10109	10-02-2024	Home Appliances	Premium	16.78	1	16.78	Google Pay	4.8	Dubai Silicon Oasis
10110	28-04-2024	Toys	Student	59.27	2	118.54	Google Pay	3.2	Dubai Silicon Oasis
10111	28-05-2024	Beauty	Student	251.52	2	503.04	Cash	3.5	Dubai Silicon Oasis
10112	27-03-2024	Toys	Premium	148.86	3	446.58	Debit Card	4.9	Al Nahda
10113	11-11-2024	Personal Care	Regular	145.21	4	580.84	Apple Pay	3.8	Dubai Silicon Oasis
10114	08-01-2024	Toys	Regular	292.8	5	1464	Debit Card	4.1	Al Nahda
10115	19-02-2024	Electronics	Premium	1085.98	2	2171.96	Credit Card	3.6	Dubai Silicon Oasis
10116	25-10-2024	Clothes	Student	344.71	1	344.71	Apple Pay	3.4	Dubai Silicon Oasis
10117	24-08-2024	Groceries	Regular	25.44	5	127.2	Credit Card	4.3	Al Nahda
10118	23-05-2024	Personal Care	Student	162.45	1	162.45	Debit Card	3.7	Dubai Silicon Oasis
10119	15-12-2024	Groceries	Premium	273.17	5	1365.85	Debit Card	4.4	Dubai Mall
10120	05-06-2024	Toys	Regular	55.96	2	111.92	Cash	5	Dubai Mall
10121	07-03-2024	Groceries	Student	233	3	699	Cash	3.4	Dubai Silicon Oasis
10122	17-08-2024	Groceries	Student	128.71	1	128.71	Apple Pay	4.2	Dubai Mall
10123	04-01-2024	Beauty	Premium	257.66	4	1030.64	Google Pay	5	Dubai Silicon Oasis
10124	24-11-2024	Clothes	Premium	151.11	1	151.11	Credit Card	4.5	Dubai Silicon Oasis
10125	16-08-2024	Home Appliances	Regular	258.09	3	774.27	Credit Card	4.4	Dubai Silicon Oasis
10126	17-09-2024	Electronics	Premium	3063.57	1	3063.57	Debit Card	3.3	Al Nahda
10127	23-03-2024	Toys	Regular	142.71	4	570.84	Apple Pay	3.8	Al Nahda
10128	28-03-2024	Personal Care	Premium	97.25	3	291.75	Cash	3.1	Dubai Mall
10129	20-10-2024	Toys	Corporate	156.46	1	156.46	Cash	4.9	Al Barsha
10130	12-12-2024	Clothes	Student	326.92	1	326.92	Credit Card	3.4	Dubai Mall
10131	04-05-2024	Beauty	Student	112.35	1	112.35	Debit Card	4	Al Barsha
10132	05-12-2024	Toys	Premium	60.4	1	60.4	Apple Pay	4.6	Al Barsha
10133	14-12-2024	Beauty	Regular	202.76	1	202.76	Cash	3.5	Al Nahda
10134	03-07-2024	Beauty	Premium	266.45	2	532.9	Google Pay	4.9	Dubai Silicon Oasis
10135	28-05-2024	Groceries	Corporate	214.18	5	1070.9	Apple Pay	4.7	Al Nahda
10136	14-03-2024	Toys	Corporate	64.35	3	193.05	Debit Card	4.5	Dubai Mall
10137	29-10-2024	Toys	Regular	294.38	3	883.14	Google Pay	3.2	Al Nahda
10138	29-05-2024	Electronics	Regular	2135.61	1	2135.61	Apple Pay	3.9	Dubai Mall
10139	23-06-2024	Clothes	Premium	319.37	3	958.11	Google Pay	3.7	Al Nahda
10140	05-12-2024	Toys	Regular	94.68	1	94.68	Credit Card	3.2	Al Barsha
10141	16-02-2024	Dairy	Student	28.91	4	115.64	Credit Card	3	Al Nahda
10142	22-06-2024	Personal Care	Premium	73.42	3	220.26	Debit Card	4	Dubai Mall
10143	19-11-2024	Electronics	Student	1460.26	2	2920.52	Google Pay	3.4	Al Nahda
10144	06-03-2024	Groceries	Premium	105.18	3	315.54	Cash	3.4	Dubai Mall
10145	30-08-2024	Clothes	Student	421.38	1	421.38	Google Pay	4.5	Dubai Silicon Oasis
10146	26-02-2024	Dairy	Regular	56.15	5	280.75	Credit Card	4.1	Al Barsha
10147	24-01-2024	Beauty	Premium	144.31	2	288.62	Google Pay	4.6	Al Nahda
10148	07-02-2024	Clothes	Student	410.4	1	410.4	Debit Card	3.9	Dubai Mall
10149	20-12-2024	Electronics	Regular	3114.3	2	6228.6	Debit Card	4.9	Dubai Silicon Oasis
10150	05-04-2024	Home Appliances	Regular	193.44	4	773.76	Debit Card	3.6	Dubai Silicon Oasis
10151	26-12-2024	Electronics	Premium	1457.42	1	1457.42	Credit Card	3.9	Al Barsha
10152	30-11-2024	Beauty	Regular	139.15	2	278.3	Credit Card	4.5	Dubai Silicon Oasis
10153	20-08-2024	Clothes	Regular	316.73	4	1266.92	Credit Card	3.5	Al Nahda
10154	31-08-2024	Personal Care	Corporate	248.75	2	497.5	Cash	4	Al Nahda
10155	21-01-2024	Personal Care	Regular	144.93	3	434.79	Debit Card	4.7	Al Barsha
10156	20-12-2024	Dairy	Corporate	26.26	2	52.52	Credit Card	4.7	Dubai Silicon Oasis
10157	23-03-2024	Home Appliances	Premium	203.85	5	1019.25	Debit Card	3.9	Al Barsha
10158	12-02-2024	Personal Care	Regular	283.9	2	567.8	Debit Card	4.5	Dubai Mall
10159	15-07-2024	Clothes	Premium	56.22	1	56.22	Debit Card	4.9	Al Nahda
10160	30-05-2024	Home Appliances	Corporate	25.2	4	100.8	Apple Pay	3.2	Dubai Mall
10161	09-03-2024	Toys	Corporate	292.46	2	584.92	Debit Card	4.9	Al Nahda
10162	08-11-2024	Clothes	Corporate	205.27	4	821.08	Cash	3.2	Dubai Silicon Oasis
10163	06-04-2024	Toys	Corporate	221.13	1	221.13	Google Pay	4.7	Dubai Mall
10164	17-11-2024	Personal Care	Corporate	295.93	2	591.86	Apple Pay	3.9	Dubai Mall
10165	05-12-2024	Home Appliances	Student	203.48	5	1017.4	Cash	4.1	Dubai Mall
10166	15-09-2024	Groceries	Student	103.04	4	412.16	Apple Pay	3.9	Al Nahda
10167	11-12-2024	Home Appliances	Regular	167.78	1	167.78	Debit Card	3.5	Dubai Silicon Oasis
10168	10-05-2024	Beauty	Corporate	136.99	4	547.96	Debit Card	3.8	Al Nahda
10169	26-04-2024	Electronics	Regular	3325.16	1	3325.16	Debit Card	4.2	Al Nahda
10170	20-12-2024	Clothes	Regular	383.35	3	1150.05	Apple Pay	4.9	Dubai Silicon Oasis
10171	21-06-2024	Electronics	Corporate	3858.39	1	3858.39	Credit Card	3.5	Dubai Mall
10172	25-12-2024	Toys	Corporate	29.95	4	119.8	Apple Pay	4.9	Al Nahda
10173	30-07-2024	Clothes	Student	201.21	1	201.21	Apple Pay	4.9	Al Barsha
10174	17-10-2024	Home Appliances	Regular	272.56	1	272.56	Google Pay	3	Al Nahda
10175	19-02-2024	Beauty	Regular	175.29	2	350.58	Google Pay	3.3	Dubai Silicon Oasis
10176	22-10-2024	Home Appliances	Student	113.19	4	452.76	Credit Card	4.2	Al Barsha
10177	22-09-2024	Groceries	Student	21.72	4	86.88	Credit Card	4.4	Dubai Mall
10178	02-12-2024	Dairy	Corporate	43.2	2	86.4	Cash	3	Al Barsha
10179	10-11-2024	Electronics	Premium	2133.57	1	2133.57	Apple Pay	3.2	Dubai Mall
10180	04-01-2024	Beauty	Student	197.31	5	986.55	Cash	4	Dubai Silicon Oasis
10181	11-04-2024	Dairy	Student	37.71	6	226.26	Apple Pay	4.1	Dubai Mall
10182	20-09-2024	Personal Care	Regular	127.26	5	636.3	Apple Pay	4.5	Al Barsha
10183	15-03-2024	Toys	Premium	180.67	2	361.34	Google Pay	3.6	Dubai Silicon Oasis
10184	10-01-2024	Toys	Corporate	46.99	5	234.95	Apple Pay	3.6	Dubai Silicon Oasis
10185	13-11-2024	Clothes	Regular	300.49	2	600.98	Google Pay	3.2	Al Nahda
10186	13-08-2024	Personal Care	Regular	27.68	3	83.04	Cash	3.8	Dubai Silicon Oasis
10187	13-08-2024	Electronics	Student	4083.83	2	8167.66	Cash	4.6	Al Barsha
10188	27-04-2024	Dairy	Corporate	58.24	8	465.92	Debit Card	4.3	Al Barsha
10189	26-04-2024	Electronics	Premium	3926.39	2	7852.78	Google Pay	3.9	Dubai Silicon Oasis
10190	02-06-2024	Groceries	Student	255.24	4	1020.96	Debit Card	4.5	Dubai Silicon Oasis
10191	20-07-2024	Electronics	Premium	3212.8	2	6425.6	Google Pay	3.2	Al Nahda
10192	03-03-2024	Groceries	Student	216.2	2	432.4	Cash	4.1	Al Barsha
10193	08-05-2024	Home Appliances	Premium	79.27	2	158.54	Debit Card	3.8	Al Barsha
10194	06-05-2024	Clothes	Premium	40.15	3	120.45	Cash	3.6	Al Barsha
10195	02-03-2024	Dairy	Student	14.12	4	56.48	Google Pay	4	Al Nahda
10196	22-01-2024	Personal Care	Corporate	169.12	1	169.12	Cash	3.6	Dubai Silicon Oasis
10197	09-03-2024	Groceries	Student	168.04	4	672.16	Debit Card	3.5	Al Nahda
10198	23-08-2024	Groceries	Corporate	60.07	4	240.28	Debit Card	3.3	Dubai Mall
10199	22-08-2024	Personal Care	Student	161.66	1	161.66	Credit Card	3.5	Dubai Mall
10200	08-06-2024	Beauty	Student	215.67	1	215.67	Cash	4	Dubai Mall
10201	28-05-2024	Toys	Student	22.23	3	66.69	Debit Card	4.6	Al Barsha
10202	21-07-2024	Groceries	Regular	294.83	2	589.66	Cash	3.6	Dubai Silicon Oasis
10203	02-09-2024	Dairy	Premium	28.47	10	284.7	Credit Card	3.3	Dubai Silicon Oasis
10204	25-10-2024	Clothes	Premium	368.14	4	1472.56	Apple Pay	4.9	Dubai Silicon Oasis
10205	25-12-2024	Groceries	Premium	14.79	3	44.37	Cash	4.8	Al Nahda
10206	29-10-2024	Clothes	Regular	289.67	2	579.34	Apple Pay	3.6	Al Barsha
10207	05-02-2024	Electronics	Premium	4341.97	2	8683.94	Debit Card	4.9	Dubai Silicon Oasis
10208	16-08-2024	Electronics	Student	3098.12	2	6196.24	Debit Card	4.4	Dubai Silicon Oasis
10209	14-03-2024	Clothes	Regular	192.88	3	578.64	Apple Pay	3.3	Dubai Mall
10210	21-04-2024	Toys	Regular	149.93	5	749.65	Cash	4.8	Al Barsha
10211	28-11-2024	Toys	Corporate	78.69	3	236.07	Apple Pay	3.5	Al Nahda
10212	16-04-2024	Clothes	Student	319.44	3	958.32	Debit Card	3.5	Dubai Silicon Oasis
10213	29-08-2024	Dairy	Premium	55.68	2	111.36	Apple Pay	3.4	Al Nahda
10214	01-04-2024	Clothes	Corporate	354.59	3	1063.77	Cash	4.4	Al Nahda
10215	12-12-2024	Electronics	Student	2082.42	1	2082.42	Credit Card	3.8	Dubai Mall
10216	31-01-2024	Personal Care	Premium	267.62	2	535.24	Debit Card	4.4	Dubai Mall
10217	09-09-2024	Electronics	Regular	1724	2	3448	Google Pay	4.7	Al Nahda
10218	06-05-2024	Groceries	Corporate	77.92	1	77.92	Google Pay	4.9	Al Nahda
10219	05-06-2024	Groceries	Regular	134.66	4	538.64	Cash	4.1	Al Nahda
10220	24-01-2024	Personal Care	Corporate	84.88	1	84.88	Credit Card	4.8	Dubai Silicon Oasis
10221	09-06-2024	Groceries	Student	206.59	2	413.18	Cash	3.6	Al Barsha
10222	28-07-2024	Electronics	Corporate	3527.39	1	3527.39	Google Pay	3.8	Al Barsha
10223	26-12-2024	Groceries	Student	196.06	1	196.06	Debit Card	3.2	Al Barsha
10224	09-11-2024	Electronics	Corporate	2157.52	1	2157.52	Debit Card	3.9	Dubai Silicon Oasis
10225	10-07-2024	Home Appliances	Premium	12.14	5	60.7	Apple Pay	3.7	Dubai Mall
10226	29-11-2024	Toys	Student	75.11	5	375.55	Credit Card	5	Al Barsha
10227	21-10-2024	Clothes	Corporate	342.15	4	1368.6	Google Pay	3.6	Al Nahda
10228	14-08-2024	Electronics	Student	4949.26	2	9898.52	Apple Pay	4.4	Dubai Mall
10229	20-03-2024	Home Appliances	Regular	254.81	5	1274.05	Apple Pay	4.4	Dubai Mall
10230	13-05-2024	Clothes	Regular	105.38	1	105.38	Apple Pay	4.2	Al Barsha
10231	22-09-2024	Beauty	Premium	240.44	4	961.76	Google Pay	4.1	Dubai Silicon Oasis
10232	25-08-2024	Groceries	Premium	251.33	4	1005.32	Cash	3.6	Dubai Silicon Oasis
10233	07-09-2024	Dairy	Regular	45.55	6	273.3	Cash	3.6	Dubai Mall
10234	07-12-2024	Beauty	Premium	33.22	1	33.22	Google Pay	3	Al Nahda
10235	06-05-2024	Home Appliances	Student	31.29	2	62.58	Cash	4.3	Al Nahda
10236	27-06-2024	Personal Care	Student	279.55	3	838.65	Credit Card	4.4	Dubai Silicon Oasis
10237	14-08-2024	Personal Care	Regular	150.28	3	450.84	Credit Card	3.7	Dubai Silicon Oasis
10238	28-05-2024	Dairy	Regular	59.86	2	119.72	Cash	3.1	Dubai Silicon Oasis
10239	02-10-2024	Home Appliances	Regular	167.67	4	670.68	Credit Card	3	Al Nahda
10240	15-05-2024	Toys	Corporate	44.99	2	89.98	Cash	4.5	Dubai Mall
10241	16-04-2024	Groceries	Corporate	47.37	4	189.48	Apple Pay	3.4	Dubai Silicon Oasis
10242	22-03-2024	Electronics	Regular	3090.29	2	6180.58	Debit Card	4.3	Dubai Mall
10243	15-11-2024	Electronics	Corporate	556.87	2	1113.74	Google Pay	4.1	Dubai Silicon Oasis
10244	17-03-2024	Clothes	Premium	351.95	3	1055.85	Debit Card	4.8	Al Nahda
10245	02-08-2024	Groceries	Premium	113.01	4	452.04	Google Pay	4.2	Al Nahda
10246	05-10-2024	Groceries	Student	69.28	2	138.56	Apple Pay	3	Al Barsha
10247	18-01-2024	Dairy	Regular	34.81	8	278.48	Apple Pay	3.9	Dubai Mall
10248	26-01-2024	Beauty	Student	58.33	4	233.32	Credit Card	4.7	Dubai Mall
10249	03-09-2024	Clothes	Premium	423.98	3	1271.94	Google Pay	4.1	Al Nahda
10250	28-12-2024	Personal Care	Student	242.49	1	242.49	Cash	3.5	Dubai Silicon Oasis
10251	18-05-2024	Dairy	Regular	25.52	2	51.04	Debit Card	3.4	Dubai Mall
10252	02-07-2024	Toys	Premium	176.51	5	882.55	Credit Card	3.4	Al Nahda
10253	07-09-2024	Clothes	Corporate	422.31	4	1689.24	Debit Card	3.9	Dubai Silicon Oasis
10254	25-03-2024	Beauty	Corporate	171.51	1	171.51	Cash	3.1	Al Nahda
10255	21-02-2024	Clothes	Regular	350.02	4	1400.08	Credit Card	4.1	Dubai Silicon Oasis
10256	16-06-2024	Dairy	Corporate	8.63	7	60.41	Apple Pay	4	Al Barsha
10257	03-05-2024	Home Appliances	Corporate	191.58	1	191.58	Debit Card	4.4	Dubai Silicon Oasis
10258	31-01-2024	Dairy	Regular	35.57	3	106.71	Cash	4.4	Dubai Mall
10259	06-07-2024	Home Appliances	Student	15.77	4	63.08	Credit Card	3.3	Dubai Silicon Oasis
10260	11-10-2024	Toys	Regular	233.9	5	1169.5	Credit Card	4.8	Al Barsha
10261	05-06-2024	Clothes	Regular	74.99	1	74.99	Credit Card	3.1	Al Barsha
10262	09-10-2024	Personal Care	Corporate	263.06	3	789.18	Apple Pay	4.3	Dubai Mall
10263	14-03-2024	Clothes	Corporate	302.03	2	604.06	Credit Card	3.4	Al Barsha
10264	18-05-2024	Beauty	Student	11.39	5	56.95	Credit Card	4	Al Barsha
10265	03-06-2024	Beauty	Premium	10.01	3	30.03	Apple Pay	4.5	Al Barsha
10266	10-06-2024	Personal Care	Premium	158.59	1	158.59	Cash	3.3	Dubai Silicon Oasis
10267	02-02-2024	Dairy	Regular	25.41	3	76.23	Cash	3.2	Dubai Mall
10268	06-05-2024	Beauty	Corporate	114.18	5	570.9	Credit Card	3.4	Al Barsha
10269	17-04-2024	Personal Care	Student	202.05	3	606.15	Apple Pay	3.7	Al Barsha
10270	21-10-2024	Dairy	Regular	40.25	3	120.75	Apple Pay	4.4	Al Nahda
10271	03-05-2024	Beauty	Regular	218.25	1	218.25	Apple Pay	3.6	Al Barsha
10272	08-03-2024	Electronics	Premium	673.87	1	673.87	Cash	4	Dubai Silicon Oasis
10273	13-04-2024	Home Appliances	Regular	225.79	4	903.16	Cash	3.3	Al Barsha
10274	19-09-2024	Dairy	Regular	38.38	8	307.04	Apple Pay	3.6	Al Barsha
10275	14-01-2024	Toys	Regular	80.76	4	323.04	Cash	4.2	Al Barsha
10276	14-10-2024	Personal Care	Premium	64.66	4	258.64	Debit Card	4.3	Al Barsha
10277	05-09-2024	Groceries	Premium	156.34	3	469.02	Google Pay	3.1	Al Barsha
10278	22-12-2024	Toys	Regular	125.06	5	625.3	Credit Card	3.9	Al Nahda
10279	26-12-2024	Dairy	Corporate	10.81	7	75.67	Google Pay	3.2	Dubai Mall
10280	01-07-2024	Groceries	Premium	116.92	5	584.6	Cash	4.6	Dubai Silicon Oasis
10281	10-10-2024	Groceries	Student	272.65	2	545.3	Apple Pay	4.5	Dubai Mall
10282	03-05-2024	Clothes	Corporate	373.25	4	1493	Debit Card	3.2	Dubai Silicon Oasis
10283	09-08-2024	Personal Care	Corporate	78.49	1	78.49	Credit Card	3.8	Dubai Mall
10284	10-08-2024	Personal Care	Corporate	107.62	1	107.62	Credit Card	4.2	Dubai Silicon Oasis
10285	12-01-2024	Home Appliances	Corporate	116.13	4	464.52	Debit Card	3.1	Al Nahda
10286	25-02-2024	Clothes	Student	331.82	1	331.82	Credit Card	4.9	Dubai Mall
10287	08-02-2024	Beauty	Corporate	83.03	5	415.15	Apple Pay	3.3	Al Nahda
10288	09-04-2024	Clothes	Student	359.16	2	718.32	Google Pay	3.7	Dubai Silicon Oasis
10289	23-04-2024	Toys	Corporate	271.57	5	1357.85	Credit Card	4	Dubai Mall
10290	24-12-2024	Groceries	Corporate	74.49	2	148.98	Apple Pay	3.2	Al Barsha
10291	03-03-2024	Toys	Regular	129.99	5	649.95	Apple Pay	3.8	Dubai Mall
10292	13-08-2024	Personal Care	Regular	161.2	3	483.6	Cash	3	Al Barsha
10293	22-04-2024	Clothes	Student	197.92	2	395.84	Debit Card	4.9	Al Barsha
10294	27-07-2024	Electronics	Premium	4628.8	2	9257.6	Cash	4.7	Dubai Mall
10295	10-11-2024	Groceries	Premium	177.58	3	532.74	Credit Card	3.7	Al Nahda
10296	01-08-2024	Toys	Regular	96.2	5	481	Apple Pay	4.7	Al Barsha
10297	01-08-2024	Beauty	Student	189.97	2	379.94	Google Pay	5	Dubai Mall
10298	15-08-2024	Home Appliances	Student	46.2	1	46.2	Credit Card	4.5	Dubai Mall
10299	22-08-2024	Clothes	Premium	346.77	1	346.77	Google Pay	3.6	Al Nahda
10300	21-07-2024	Groceries	Student	184.55	5	922.75	Cash	4.3	Al Nahda
10301	13-09-2024	Personal Care	Corporate	145.02	4	580.08	Google Pay	3.9	Dubai Silicon Oasis
10302	07-03-2024	Toys	Regular	246.95	1	246.95	Apple Pay	5	Dubai Mall
10303	12-09-2024	Clothes	Premium	210.45	3	631.35	Apple Pay	4.4	Dubai Silicon Oasis
10304	24-11-2024	Beauty	Corporate	10.28	4	41.12	Apple Pay	4.4	Dubai Mall
10305	15-11-2024	Clothes	Premium	154.21	3	462.63	Google Pay	4.5	Al Barsha
10306	17-09-2024	Electronics	Student	4482.99	2	8965.98	Apple Pay	4	Dubai Mall
10307	21-09-2024	Groceries	Corporate	86.72	1	86.72	Google Pay	3.7	Al Nahda
10308	30-05-2024	Beauty	Regular	51.44	4	205.76	Credit Card	4.3	Al Barsha
10309	24-12-2024	Personal Care	Regular	234.11	1	234.11	Apple Pay	4.8	Dubai Mall
10310	27-09-2024	Clothes	Regular	293.29	3	879.87	Credit Card	3.4	Al Nahda
10311	01-11-2024	Groceries	Regular	116.3	3	348.9	Google Pay	3.7	Al Barsha
10312	12-07-2024	Electronics	Student	4681.12	2	9362.24	Google Pay	4.4	Dubai Silicon Oasis
10313	25-06-2024	Dairy	Premium	25.75	10	257.5	Debit Card	3.1	Al Barsha
10314	12-10-2024	Dairy	Premium	47.24	6	283.44	Apple Pay	4.5	Dubai Silicon Oasis
10315	07-03-2024	Groceries	Student	240.33	5	1201.65	Debit Card	3.5	Dubai Silicon Oasis
10316	16-09-2024	Home Appliances	Corporate	25.06	4	100.24	Debit Card	4.9	Dubai Silicon Oasis
10317	19-05-2024	Groceries	Regular	111.84	5	559.2	Apple Pay	4.7	Dubai Mall
10318	04-05-2024	Toys	Premium	290.33	1	290.33	Debit Card	4.2	Al Nahda
10319	04-11-2024	Dairy	Corporate	5.7	6	34.2	Debit Card	3.8	Dubai Mall
10320	23-10-2024	Groceries	Corporate	141.98	1	141.98	Apple Pay	4.3	Al Nahda
10321	23-05-2024	Toys	Corporate	197.07	1	197.07	Cash	4.5	Dubai Silicon Oasis
10322	28-11-2024	Toys	Corporate	149.22	2	298.44	Cash	4.8	Al Barsha
10323	19-06-2024	Dairy	Corporate	46.8	2	93.6	Debit Card	4.7	Al Nahda
10324	15-06-2024	Toys	Student	176.84	1	176.84	Debit Card	4.4	Al Nahda
10325	04-05-2024	Beauty	Corporate	256.42	5	1282.1	Credit Card	3.5	Dubai Mall
10326	01-06-2024	Home Appliances	Regular	154.83	5	774.15	Apple Pay	3.6	Al Barsha
10327	29-06-2024	Dairy	Regular	53.82	10	538.2	Apple Pay	4	Al Nahda
10328	07-06-2024	Groceries	Premium	264.91	5	1324.55	Debit Card	4.4	Dubai Silicon Oasis
10329	02-08-2024	Groceries	Premium	297.59	2	595.18	Google Pay	3.4	Dubai Mall
10330	15-04-2024	Electronics	Student	3834.23	1	3834.23	Credit Card	3.3	Dubai Silicon Oasis
10331	31-12-2024	Electronics	Premium	4861.67	2	9723.34	Google Pay	3.6	Dubai Mall
10332	03-06-2024	Personal Care	Regular	76.44	5	382.2	Cash	3.8	Dubai Mall
10333	22-04-2024	Groceries	Student	265.54	3	796.62	Apple Pay	3.6	Dubai Silicon Oasis
10334	04-07-2024	Groceries	Corporate	116.76	3	350.28	Apple Pay	3.4	Al Barsha
10335	10-12-2024	Dairy	Student	12.88	7	90.16	Cash	4.5	Al Barsha
10336	31-12-2024	Groceries	Student	242.45	4	969.8	Credit Card	4.2	Dubai Silicon Oasis
10337	03-11-2024	Personal Care	Premium	134.21	4	536.84	Google Pay	4.8	Al Barsha
10338	29-02-2024	Beauty	Regular	59.02	5	295.1	Google Pay	4.4	Al Nahda
10339	15-03-2024	Home Appliances	Corporate	142.55	4	570.2	Cash	3.4	Dubai Mall
10340	13-04-2024	Home Appliances	Student	217.7	4	870.8	Apple Pay	4.5	Dubai Silicon Oasis
10341	20-12-2024	Personal Care	Student	61.82	2	123.64	Debit Card	3.5	Dubai Mall
10342	17-07-2024	Toys	Corporate	103.05	1	103.05	Cash	5	Dubai Mall
10343	19-11-2024	Clothes	Student	373.09	4	1492.36	Cash	3.2	Dubai Silicon Oasis
10344	06-04-2024	Clothes	Student	137.81	4	551.24	Apple Pay	4	Dubai Silicon Oasis
10345	26-12-2024	Toys	Student	212.93	5	1064.65	Debit Card	4.9	Al Barsha
10346	10-07-2024	Electronics	Regular	2505.61	1	2505.61	Debit Card	4.2	Al Nahda
10347	11-08-2024	Electronics	Regular	1268.48	2	2536.96	Credit Card	3.2	Dubai Silicon Oasis
10348	27-08-2024	Dairy	Student	58.39	8	467.12	Debit Card	4.4	Dubai Mall
10349	30-12-2024	Personal Care	Regular	263.22	1	263.22	Credit Card	4	Dubai Silicon Oasis
10350	29-08-2024	Personal Care	Regular	180.2	3	540.6	Google Pay	4.9	Dubai Silicon Oasis
10351	06-05-2024	Toys	Corporate	290.06	1	290.06	Credit Card	4.8	Al Barsha
10352	12-09-2024	Dairy	Student	32.25	2	64.5	Google Pay	3.4	Dubai Mall
10353	24-09-2024	Clothes	Student	448.76	2	897.52	Cash	4.7	Al Barsha
10354	02-03-2024	Toys	Corporate	155.66	4	622.64	Apple Pay	4.9	Al Barsha
10355	27-10-2024	Electronics	Corporate	2579.22	2	5158.44	Google Pay	3.5	Dubai Silicon Oasis
10356	20-09-2024	Dairy	Premium	24.02	6	144.12	Apple Pay	4.5	Dubai Mall
10357	08-03-2024	Groceries	Student	92.89	5	464.45	Google Pay	4.3	Dubai Mall
10358	14-12-2024	Electronics	Student	1426.18	2	2852.36	Google Pay	3.8	Dubai Silicon Oasis
10359	08-10-2024	Dairy	Corporate	30.2	8	241.6	Cash	4.5	Dubai Silicon Oasis
10360	22-09-2024	Dairy	Premium	59.48	6	356.88	Apple Pay	3.1	Al Barsha
10361	05-12-2024	Beauty	Corporate	15.18	4	60.72	Credit Card	3.3	Dubai Silicon Oasis
10362	12-01-2024	Clothes	Student	83.48	3	250.44	Credit Card	3.2	Al Barsha
10363	28-07-2024	Groceries	Premium	150.03	3	450.09	Credit Card	4.8	Dubai Silicon Oasis
10364	17-01-2024	Clothes	Regular	199.38	2	398.76	Debit Card	3.4	Dubai Silicon Oasis
10365	30-03-2024	Groceries	Regular	294.37	2	588.74	Debit Card	3.3	Al Barsha
10366	13-01-2024	Beauty	Student	65.88	5	329.4	Apple Pay	3.4	Dubai Silicon Oasis
10367	19-05-2024	Toys	Student	209.45	4	837.8	Credit Card	3.3	Al Nahda
10368	14-06-2024	Personal Care	Regular	226.39	4	905.56	Apple Pay	4.1	Al Barsha
10369	08-12-2024	Home Appliances	Premium	174.83	2	349.66	Credit Card	3.8	Al Nahda
10370	07-01-2024	Personal Care	Corporate	69.33	5	346.65	Google Pay	5	Dubai Mall
10371	20-02-2024	Personal Care	Corporate	13.78	3	41.34	Google Pay	3	Dubai Mall
10372	25-02-2024	Toys	Premium	125.19	3	375.57	Debit Card	3.3	Al Barsha
10373	01-12-2024	Dairy	Regular	16.12	8	128.96	Apple Pay	4.8	Al Nahda
10374	28-06-2024	Clothes	Student	265.82	4	1063.28	Credit Card	4	Al Barsha
10375	26-11-2024	Beauty	Premium	102.01	4	408.04	Google Pay	3.3	Al Nahda
10376	26-03-2024	Clothes	Regular	163.45	1	163.45	Credit Card	3.6	Al Nahda
10377	11-08-2024	Personal Care	Regular	31.81	3	95.43	Debit Card	4.2	Dubai Silicon Oasis
10378	21-09-2024	Beauty	Student	253.57	5	1267.85	Credit Card	4.3	Al Barsha
10379	09-08-2024	Electronics	Regular	4908.4	1	4908.4	Apple Pay	4.6	Dubai Silicon Oasis
10380	05-12-2024	Beauty	Regular	31.9	3	95.7	Apple Pay	3.6	Al Barsha
10381	26-05-2024	Personal Care	Student	48.75	5	243.75	Google Pay	3.5	Al Barsha
10382	26-09-2024	Toys	Regular	272.8	4	1091.2	Credit Card	4.7	Dubai Silicon Oasis
10383	21-02-2024	Beauty	Student	279.06	4	1116.24	Apple Pay	3.5	Dubai Silicon Oasis
10384	17-04-2024	Beauty	Premium	158.86	3	476.58	Credit Card	3.6	Al Nahda
10385	25-10-2024	Toys	Premium	157.86	1	157.86	Apple Pay	4.1	Dubai Silicon Oasis
10386	09-09-2024	Personal Care	Premium	78.78	3	236.34	Credit Card	3.1	Dubai Silicon Oasis
10387	10-01-2024	Dairy	Premium	38.1	1	38.1	Apple Pay	3.7	Al Nahda
10388	29-05-2024	Beauty	Premium	223.07	2	446.14	Apple Pay	4.3	Dubai Mall
10389	18-02-2024	Toys	Regular	39.54	1	39.54	Credit Card	4.2	Al Barsha
10390	24-12-2024	Dairy	Student	23.65	6	141.9	Debit Card	3.6	Al Barsha
10391	08-01-2024	Personal Care	Student	223.26	3	669.78	Cash	4.1	Dubai Silicon Oasis
10392	28-04-2024	Beauty	Regular	120.87	5	604.35	Credit Card	3.2	Al Nahda
10393	11-10-2024	Groceries	Student	46.81	2	93.62	Debit Card	3.6	Dubai Mall
10394	14-09-2024	Clothes	Premium	218.94	1	218.94	Debit Card	3.8	Dubai Silicon Oasis
10395	17-02-2024	Personal Care	Premium	124.39	1	124.39	Google Pay	3.1	Dubai Silicon Oasis
10396	19-03-2024	Dairy	Premium	57.14	3	171.42	Credit Card	3.1	Al Barsha
10397	15-05-2024	Dairy	Premium	24.14	7	168.98	Cash	3.3	Dubai Mall
10398	05-10-2024	Clothes	Regular	282.94	4	1131.76	Debit Card	4.5	Al Nahda
10399	26-11-2024	Dairy	Premium	9.31	2	18.62	Cash	3.7	Dubai Mall
10400	05-11-2024	Toys	Premium	100.11	1	100.11	Credit Card	3.3	Dubai Mall
10401	29-03-2024	Clothes	Student	179.42	3	538.26	Google Pay	3.8	Dubai Silicon Oasis
10402	29-12-2024	Electronics	Corporate	3871.49	1	3871.49	Debit Card	5	Dubai Mall
10403	22-12-2024	Clothes	Corporate	50.97	4	203.88	Cash	4.2	Al Nahda
10404	09-10-2024	Beauty	Premium	283.13	1	283.13	Debit Card	4.5	Al Barsha
10405	28-08-2024	Personal Care	Corporate	187.53	5	937.65	Google Pay	3.1	Dubai Mall
10406	19-09-2024	Home Appliances	Premium	286.19	2	572.38	Cash	3.2	Al Nahda
10407	16-01-2024	Beauty	Regular	118.7	5	593.5	Debit Card	4.5	Dubai Mall
10408	05-06-2024	Home Appliances	Student	114.42	2	228.84	Google Pay	3.5	Al Nahda
10409	02-11-2024	Dairy	Regular	40.68	3	122.04	Apple Pay	4.4	Al Barsha
10410	11-02-2024	Electronics	Regular	3335.07	1	3335.07	Apple Pay	4	Dubai Silicon Oasis
10411	27-04-2024	Electronics	Corporate	2813.74	1	2813.74	Debit Card	3.4	Dubai Mall
10412	29-10-2024	Home Appliances	Student	291.47	1	291.47	Apple Pay	3.6	Dubai Silicon Oasis
10413	03-07-2024	Personal Care	Regular	171.06	3	513.18	Apple Pay	4.5	Dubai Silicon Oasis
10414	10-04-2024	Groceries	Student	139.76	4	559.04	Google Pay	4.7	Dubai Silicon Oasis
10415	22-01-2024	Electronics	Regular	4095.75	1	4095.75	Debit Card	3.3	Al Barsha
10416	24-02-2024	Groceries	Student	151.94	1	151.94	Apple Pay	4.8	Al Barsha
10417	18-03-2024	Clothes	Corporate	95.15	2	190.3	Cash	4.1	Al Barsha
10418	19-01-2024	Clothes	Student	431.48	1	431.48	Google Pay	3.9	Al Barsha
10419	04-12-2024	Dairy	Regular	36.82	5	184.1	Cash	4.5	Dubai Silicon Oasis
10420	20-07-2024	Clothes	Corporate	445.43	2	890.86	Debit Card	4.5	Dubai Mall
10421	21-12-2024	Dairy	Student	44.51	6	267.06	Cash	3.9	Al Nahda
10422	19-08-2024	Clothes	Corporate	176.69	3	530.07	Cash	3.5	Al Barsha
10423	06-04-2024	Dairy	Student	17.47	2	34.94	Cash	3.3	Al Barsha
10424	23-12-2024	Clothes	Student	378.94	3	1136.82	Google Pay	4.4	Al Barsha
10425	01-09-2024	Personal Care	Corporate	62.46	4	249.84	Debit Card	4.6	Al Nahda
10426	29-03-2024	Clothes	Premium	162.63	1	162.63	Debit Card	4.6	Al Barsha
10427	07-02-2024	Beauty	Regular	108.33	1	108.33	Debit Card	4.7	Dubai Silicon Oasis
10428	17-06-2024	Electronics	Regular	745.95	2	1491.9	Debit Card	3.8	Al Barsha
10429	16-02-2024	Beauty	Premium	171.03	4	684.12	Debit Card	4.8	Dubai Silicon Oasis
10430	12-05-2024	Clothes	Premium	298.98	1	298.98	Credit Card	3.6	Al Barsha
10431	06-03-2024	Groceries	Regular	226.68	2	453.36	Cash	4.6	Dubai Mall
10432	22-03-2024	Electronics	Regular	4756.97	1	4756.97	Cash	4.6	Al Nahda
10433	10-08-2024	Home Appliances	Premium	86.9	5	434.5	Google Pay	4.2	Dubai Silicon Oasis
10434	20-05-2024	Electronics	Regular	4573.95	2	9147.9	Debit Card	4.1	Al Nahda
10435	01-09-2024	Dairy	Regular	7.48	8	59.84	Credit Card	4.8	Al Nahda
10436	18-04-2024	Electronics	Premium	2901.05	2	5802.1	Debit Card	4.5	Dubai Mall
10437	26-06-2024	Home Appliances	Student	84.13	5	420.65	Credit Card	4.6	Dubai Mall
10438	23-04-2024	Groceries	Student	119.06	3	357.18	Credit Card	3.8	Dubai Mall
10439	27-01-2024	Beauty	Premium	239.46	4	957.84	Google Pay	4	Dubai Silicon Oasis
10440	02-01-2024	Clothes	Premium	308.59	4	1234.36	Apple Pay	4	Al Nahda
10441	01-06-2024	Electronics	Student	1802.07	2	3604.14	Apple Pay	3.2	Dubai Mall
10442	30-10-2024	Home Appliances	Regular	233.68	4	934.72	Debit Card	3.1	Al Barsha
10443	17-09-2024	Clothes	Regular	189.4	3	568.2	Debit Card	4	Dubai Silicon Oasis
10444	14-09-2024	Clothes	Student	54.11	2	108.22	Google Pay	3.7	Al Nahda
10445	23-08-2024	Toys	Regular	50.6	4	202.4	Cash	3.4	Al Nahda
10446	02-06-2024	Electronics	Corporate	1914.24	1	1914.24	Google Pay	4	Al Barsha
10447	08-01-2024	Groceries	Student	184.26	5	921.3	Google Pay	4.3	Dubai Silicon Oasis
10448	16-10-2024	Clothes	Student	261.57	4	1046.28	Debit Card	4	Al Barsha
10449	05-03-2024	Dairy	Student	45.23	2	90.46	Google Pay	4.8	Al Nahda
10450	09-08-2024	Toys	Student	101.58	1	101.58	Credit Card	4.5	Dubai Silicon Oasis
10451	20-12-2024	Groceries	Regular	220.14	1	220.14	Google Pay	4.7	Dubai Silicon Oasis
10452	30-07-2024	Electronics	Student	2503.78	1	2503.78	Apple Pay	4	Dubai Mall
10453	05-04-2024	Electronics	Premium	4973.93	2	9947.86	Debit Card	3.7	Al Barsha
10454	01-12-2024	Dairy	Corporate	32.48	4	129.92	Credit Card	3.3	Al Barsha
10455	10-11-2024	Home Appliances	Student	98.05	1	98.05	Credit Card	4.8	Al Barsha
10456	17-06-2024	Electronics	Premium	1377.14	2	2754.28	Apple Pay	4.5	Dubai Mall
10457	23-02-2024	Electronics	Corporate	4034.34	2	8068.68	Cash	3.9	Dubai Mall
10458	07-02-2024	Personal Care	Premium	72.55	5	362.75	Google Pay	3.9	Dubai Mall
10459	04-06-2024	Electronics	Student	2776.07	2	5552.14	Cash	4.6	Dubai Mall
10460	27-10-2024	Beauty	Regular	135.91	3	407.73	Cash	3.7	Al Barsha
10461	12-04-2024	Electronics	Student	4251.5	1	4251.5	Credit Card	3.6	Al Nahda
10462	22-05-2024	Toys	Corporate	73.05	3	219.15	Apple Pay	4.4	Al Nahda
10463	17-11-2024	Clothes	Corporate	188.44	4	753.76	Credit Card	3.3	Dubai Mall
10464	30-11-2024	Dairy	Regular	36.15	8	289.2	Apple Pay	4.1	Al Nahda
10465	17-03-2024	Groceries	Premium	191.9	2	383.8	Apple Pay	3.7	Al Barsha
10466	18-01-2024	Clothes	Regular	360.72	4	1442.88	Credit Card	4.1	Al Nahda
10467	15-08-2024	Clothes	Regular	134.58	2	269.16	Apple Pay	3.3	Al Nahda
10468	28-01-2024	Dairy	Premium	33.27	4	133.08	Apple Pay	3.9	Dubai Silicon Oasis
10469	13-06-2024	Clothes	Premium	295.77	1	295.77	Cash	3.1	Al Barsha
10470	11-10-2024	Dairy	Student	47.73	8	381.84	Cash	3.2	Al Nahda
10471	11-09-2024	Toys	Corporate	183.21	5	916.05	Google Pay	3.5	Dubai Silicon Oasis
10472	12-02-2024	Personal Care	Premium	282.04	2	564.08	Debit Card	3.5	Al Barsha
10473	25-03-2024	Beauty	Corporate	202.5	2	405	Google Pay	4.5	Dubai Mall
10474	13-09-2024	Dairy	Premium	51.33	7	359.31	Credit Card	3.2	Al Barsha
10475	17-09-2024	Toys	Regular	77.66	1	77.66	Apple Pay	3.2	Al Nahda
10476	15-08-2024	Personal Care	Premium	51.79	3	155.37	Credit Card	3.3	Al Nahda
10477	10-02-2024	Dairy	Corporate	49.22	6	295.32	Google Pay	3.1	Al Barsha
10478	18-07-2024	Dairy	Regular	53.59	1	53.59	Cash	3.5	Al Barsha
10479	30-06-2024	Beauty	Premium	207.98	1	207.98	Google Pay	3.1	Al Nahda
10480	11-05-2024	Groceries	Regular	73.05	4	292.2	Debit Card	3.5	Dubai Silicon Oasis
10481	03-07-2024	Beauty	Student	235.71	4	942.84	Apple Pay	3.9	Dubai Silicon Oasis
10482	13-05-2024	Home Appliances	Corporate	45.59	1	45.59	Apple Pay	3	Dubai Mall
10483	25-01-2024	Groceries	Premium	117.54	1	117.54	Apple Pay	3.3	Al Nahda
10484	24-02-2024	Electronics	Corporate	1985.29	1	1985.29	Credit Card	3.6	Al Nahda
10485	01-04-2024	Personal Care	Premium	160.61	2	321.22	Cash	3.1	Al Nahda
10486	09-05-2024	Groceries	Student	261.65	1	261.65	Apple Pay	4.9	Al Nahda
10487	02-01-2024	Home Appliances	Corporate	148.49	2	296.98	Apple Pay	4.9	Dubai Mall
10488	09-10-2024	Personal Care	Student	158.38	4	633.52	Apple Pay	3.2	Dubai Silicon Oasis
10489	16-03-2024	Personal Care	Premium	46.68	5	233.4	Google Pay	4.2	Dubai Silicon Oasis
10490	19-08-2024	Personal Care	Premium	286.53	4	1146.12	Credit Card	3.1	Al Barsha
10491	15-05-2024	Groceries	Student	280.62	5	1403.1	Cash	5	Dubai Silicon Oasis
10492	11-11-2024	Dairy	Student	27.73	5	138.65	Google Pay	4.4	Al Barsha
10493	20-06-2024	Toys	Corporate	105.43	2	210.86	Credit Card	4.1	Al Barsha
10494	26-03-2024	Home Appliances	Premium	286.48	1	286.48	Cash	4.2	Al Nahda
10495	08-06-2024	Personal Care	Regular	132.65	5	663.25	Cash	3.3	Dubai Mall
10496	10-04-2024	Electronics	Corporate	940.7	2	1881.4	Apple Pay	4.6	Al Nahda
10497	04-09-2024	Clothes	Corporate	261.32	3	783.96	Apple Pay	3.3	Dubai Silicon Oasis
10498	30-10-2024	Clothes	Student	296.54	2	593.08	Google Pay	3.4	Al Nahda
10499	12-12-2024	Electronics	Corporate	2023.95	1	2023.95	Credit Card	3.3	Dubai Mall
10500	16-04-2024	Clothes	Regular	55.48	3	166.44	Credit Card	3.7	Al Barsha
10501	16-10-2024	Dairy	Student	56.29	4	225.16	Cash	4.2	Al Nahda
10502	07-10-2024	Toys	Regular	46.58	4	186.32	Cash	3.6	Dubai Mall
10503	29-04-2024	Beauty	Student	120.76	2	241.52	Credit Card	4.6	Dubai Silicon Oasis
10504	23-12-2024	Dairy	Regular	55.38	3	166.14	Google Pay	4	Al Nahda
10505	14-10-2024	Electronics	Student	2287.99	1	2287.99	Debit Card	3.2	Dubai Mall
10506	18-01-2024	Groceries	Student	263.45	4	1053.8	Cash	4	Al Nahda
10507	21-02-2024	Electronics	Corporate	1010.95	2	2021.9	Credit Card	4.6	Dubai Silicon Oasis
10508	15-03-2024	Home Appliances	Student	77.79	4	311.16	Apple Pay	3	Al Barsha
10509	19-08-2024	Home Appliances	Premium	72.43	5	362.15	Credit Card	4.9	Al Nahda
10510	25-08-2024	Dairy	Regular	33.99	8	271.92	Apple Pay	3.2	Dubai Silicon Oasis
10511	12-12-2024	Personal Care	Corporate	149.92	1	149.92	Apple Pay	4.9	Dubai Silicon Oasis
10512	27-09-2024	Beauty	Student	149.3	2	298.6	Credit Card	3.8	Dubai Mall
10513	09-02-2024	Toys	Premium	269.82	1	269.82	Debit Card	4.8	Al Nahda
10514	14-11-2024	Dairy	Regular	22.82	5	114.1	Cash	4.4	Al Barsha
10515	14-05-2024	Clothes	Corporate	392.61	2	785.22	Cash	3.8	Al Barsha
10516	13-12-2024	Home Appliances	Regular	283.57	2	567.14	Credit Card	5	Al Nahda
10517	02-08-2024	Clothes	Premium	95.17	1	95.17	Apple Pay	3.3	Al Barsha
10518	15-04-2024	Toys	Premium	256.06	4	1024.24	Debit Card	3.3	Al Barsha
10519	28-11-2024	Personal Care	Corporate	265.66	1	265.66	Apple Pay	4.4	Al Nahda
10520	25-07-2024	Personal Care	Premium	46.04	1	46.04	Apple Pay	3.5	Al Nahda
10521	12-11-2024	Personal Care	Premium	289.68	4	1158.72	Cash	4.3	Al Nahda
10522	25-07-2024	Dairy	Premium	28.22	3	84.66	Apple Pay	3.9	Al Nahda
10523	09-09-2024	Personal Care	Corporate	82.9	5	414.5	Apple Pay	4.4	Al Nahda
10524	01-07-2024	Home Appliances	Student	107.28	5	536.4	Apple Pay	3.2	Al Nahda
10525	16-09-2024	Clothes	Regular	225.31	4	901.24	Credit Card	3.8	Dubai Mall
10526	13-09-2024	Home Appliances	Regular	154.95	5	774.75	Debit Card	4.2	Al Barsha
10527	04-08-2024	Beauty	Student	99.44	3	298.32	Credit Card	3.4	Dubai Silicon Oasis
10528	06-02-2024	Personal Care	Regular	269.56	3	808.68	Apple Pay	4.9	Al Nahda
10529	27-10-2024	Home Appliances	Premium	70.03	4	280.12	Credit Card	3.9	Al Barsha
10530	30-11-2024	Personal Care	Premium	150.55	2	301.1	Credit Card	3.6	Dubai Mall
10531	08-03-2024	Groceries	Premium	46.05	4	184.2	Apple Pay	4.8	Dubai Mall
10532	05-11-2024	Personal Care	Corporate	160.72	3	482.16	Google Pay	3.6	Dubai Mall
10533	15-01-2024	Home Appliances	Regular	84.49	4	337.96	Google Pay	4.8	Al Barsha
10534	05-03-2024	Groceries	Corporate	210.67	3	632.01	Apple Pay	4.2	Al Barsha
10535	30-07-2024	Personal Care	Student	252.82	3	758.46	Google Pay	5	Dubai Mall
10536	09-09-2024	Home Appliances	Premium	89.9	2	179.8	Debit Card	4.9	Dubai Mall
10537	18-01-2024	Beauty	Premium	257.11	5	1285.55	Cash	3.6	Al Barsha
10538	09-01-2024	Dairy	Corporate	45.26	10	452.6	Debit Card	3.9	Al Barsha
10539	13-04-2024	Beauty	Regular	289.57	5	1447.85	Credit Card	4.7	Dubai Mall
10540	25-01-2024	Dairy	Premium	26.79	9	241.11	Credit Card	5	Dubai Mall
10541	20-11-2024	Groceries	Regular	143.53	2	287.06	Google Pay	3.6	Dubai Mall
10542	12-12-2024	Personal Care	Regular	204.22	4	816.88	Google Pay	4.5	Dubai Mall
10543	16-05-2024	Beauty	Regular	30.38	2	60.76	Debit Card	4	Dubai Mall
10544	23-07-2024	Toys	Premium	147.5	1	147.5	Google Pay	3.6	Al Barsha
10545	01-09-2024	Electronics	Student	3686.52	2	7373.04	Google Pay	4.1	Dubai Mall
10546	20-11-2024	Home Appliances	Premium	138.68	4	554.72	Debit Card	4.5	Al Barsha
10547	17-12-2024	Home Appliances	Corporate	273.1	3	819.3	Google Pay	3.3	Al Nahda
10548	12-09-2024	Clothes	Corporate	414.37	4	1657.48	Cash	4.8	Al Barsha
10549	30-11-2024	Personal Care	Corporate	61.55	5	307.75	Cash	3.7	Dubai Mall
10550	14-03-2024	Personal Care	Regular	209.96	3	629.88	Cash	4.6	Dubai Silicon Oasis
10551	09-10-2024	Electronics	Corporate	2615.85	2	5231.7	Apple Pay	3.6	Dubai Silicon Oasis
10552	13-07-2024	Clothes	Premium	395.57	1	395.57	Cash	3.9	Dubai Silicon Oasis
10553	25-01-2024	Home Appliances	Regular	265.29	1	265.29	Google Pay	4.5	Al Barsha
10554	09-11-2024	Clothes	Student	418.72	1	418.72	Credit Card	3.6	Al Nahda
10555	04-11-2024	Toys	Corporate	128.49	5	642.45	Debit Card	3.7	Dubai Mall
10556	22-04-2024	Personal Care	Student	69.86	4	279.44	Cash	4.1	Dubai Mall
10557	31-10-2024	Home Appliances	Regular	182.78	3	548.34	Credit Card	3.9	Al Nahda
10558	25-01-2024	Groceries	Student	62.26	4	249.04	Cash	4.1	Al Barsha
10559	01-04-2024	Groceries	Corporate	224.69	4	898.76	Apple Pay	5	Al Nahda
10560	05-09-2024	Groceries	Student	95.04	3	285.12	Debit Card	3.9	Al Barsha
10561	24-08-2024	Personal Care	Regular	245.42	3	736.26	Google Pay	4.6	Al Nahda
10562	01-10-2024	Personal Care	Premium	93.7	2	187.4	Cash	3.1	Dubai Mall
10563	12-09-2024	Clothes	Regular	62.98	2	125.96	Credit Card	4.4	Al Nahda
10564	10-06-2024	Toys	Student	140.9	5	704.5	Debit Card	4.1	Dubai Silicon Oasis
10565	29-03-2024	Home Appliances	Student	270.15	1	270.15	Credit Card	4.2	Al Barsha
10566	22-03-2024	Personal Care	Premium	223.56	3	670.68	Google Pay	3.8	Al Nahda
10567	05-06-2024	Dairy	Regular	14.26	5	71.3	Debit Card	3.3	Dubai Silicon Oasis
10568	03-04-2024	Home Appliances	Corporate	17.53	2	35.06	Apple Pay	3.2	Al Nahda
10569	18-01-2024	Personal Care	Corporate	251.55	4	1006.2	Google Pay	3.1	Al Nahda
10570	24-01-2024	Toys	Student	273.37	4	1093.48	Cash	3.4	Dubai Mall
10571	20-08-2024	Groceries	Student	284.69	3	854.07	Cash	4.7	Dubai Mall
10572	30-08-2024	Beauty	Regular	113.18	2	226.36	Apple Pay	4.2	Dubai Silicon Oasis
10573	15-12-2024	Dairy	Premium	39.44	7	276.08	Credit Card	3.1	Dubai Silicon Oasis
10574	07-02-2024	Electronics	Corporate	2027.67	2	4055.34	Credit Card	4	Dubai Mall
10575	10-06-2024	Groceries	Student	294.29	5	1471.45	Debit Card	3.6	Al Nahda
10576	13-03-2024	Electronics	Regular	3938.66	2	7877.32	Debit Card	4.9	Al Nahda
10577	10-09-2024	Clothes	Regular	179.44	4	717.76	Google Pay	4.2	Dubai Silicon Oasis
10578	01-09-2024	Toys	Premium	231.06	3	693.18	Google Pay	4.9	Dubai Mall
10579	22-03-2024	Personal Care	Regular	32.52	4	130.08	Credit Card	3.8	Dubai Mall
10580	23-11-2024	Dairy	Corporate	26.95	6	161.7	Google Pay	4.4	Dubai Silicon Oasis
10581	20-11-2024	Electronics	Corporate	1894.4	1	1894.4	Debit Card	3.8	Dubai Mall
10582	13-03-2024	Home Appliances	Premium	38.12	1	38.12	Apple Pay	4.2	Dubai Mall
10583	13-03-2024	Groceries	Regular	242.07	5	1210.35	Debit Card	3.5	Al Barsha
10584	11-08-2024	Beauty	Premium	61.87	3	185.61	Debit Card	3.5	Dubai Mall
10585	14-06-2024	Dairy	Regular	56.22	2	112.44	Debit Card	3.1	Dubai Silicon Oasis
10586	02-07-2024	Toys	Regular	224.1	3	672.3	Cash	4.4	Dubai Silicon Oasis
10587	03-05-2024	Personal Care	Corporate	121.47	3	364.41	Apple Pay	3.6	Al Nahda
10588	13-05-2024	Groceries	Regular	263.97	3	791.91	Cash	3.5	Dubai Silicon Oasis
10589	14-05-2024	Groceries	Regular	210.54	4	842.16	Cash	3.4	Dubai Mall
10590	08-12-2024	Personal Care	Student	259.46	5	1297.3	Apple Pay	3.3	Al Nahda
10591	26-05-2024	Electronics	Premium	3873.67	2	7747.34	Apple Pay	4.1	Al Nahda
10592	08-11-2024	Dairy	Student	36.31	6	217.86	Google Pay	3.2	Al Nahda
10593	25-08-2024	Electronics	Corporate	4368.39	2	8736.78	Google Pay	4.3	Al Nahda
10594	01-08-2024	Beauty	Regular	182.69	5	913.45	Debit Card	3.7	Al Barsha
10595	30-04-2024	Dairy	Regular	12.8	9	115.2	Cash	3.2	Dubai Silicon Oasis
10596	26-06-2024	Personal Care	Premium	132.64	4	530.56	Cash	4.2	Al Nahda
10597	17-06-2024	Groceries	Regular	221.93	4	887.72	Credit Card	4	Dubai Silicon Oasis
10598	20-09-2024	Groceries	Student	162.1	2	324.2	Cash	3.5	Al Nahda
10599	23-08-2024	Home Appliances	Student	257.89	1	257.89	Credit Card	5	Al Nahda
10600	24-07-2024	Electronics	Premium	3404.14	2	6808.28	Debit Card	3.5	Dubai Mall
10601	16-05-2024	Home Appliances	Corporate	80.04	1	80.04	Apple Pay	3.5	Al Nahda
10602	04-11-2024	Beauty	Regular	203.14	2	406.28	Credit Card	3.9	Dubai Mall
10603	03-12-2024	Personal Care	Premium	31.75	4	127	Debit Card	4.6	Al Barsha
10604	10-09-2024	Home Appliances	Student	170.6	5	853	Apple Pay	4.9	Al Barsha
10605	31-05-2024	Groceries	Premium	142.62	4	570.48	Apple Pay	4.3	Al Barsha
10606	03-05-2024	Beauty	Student	186.29	1	186.29	Cash	3.8	Al Barsha
10607	25-10-2024	Home Appliances	Premium	27.02	3	81.06	Google Pay	4.3	Al Nahda
10608	04-01-2024	Electronics	Premium	1034.01	1	1034.01	Credit Card	4.7	Dubai Silicon Oasis
10609	03-05-2024	Dairy	Regular	44.96	5	224.8	Cash	4.4	Dubai Mall
10610	07-12-2024	Electronics	Corporate	3417.57	1	3417.57	Cash	4.6	Al Nahda
10611	01-04-2024	Groceries	Regular	142.39	4	569.56	Cash	4.9	Dubai Mall
10612	07-08-2024	Beauty	Premium	196.34	1	196.34	Cash	4.1	Dubai Mall
10613	22-06-2024	Toys	Regular	212.21	2	424.42	Apple Pay	4.6	Al Barsha
10614	19-08-2024	Dairy	Premium	21.66	9	194.94	Apple Pay	4.9	Al Barsha
10615	07-12-2024	Electronics	Premium	2584.64	1	2584.64	Apple Pay	3.1	Al Nahda
10616	20-03-2024	Home Appliances	Corporate	263.87	2	527.74	Cash	4.6	Dubai Silicon Oasis
10617	12-03-2024	Personal Care	Student	30.06	1	30.06	Cash	4.1	Dubai Silicon Oasis
10618	10-11-2024	Dairy	Regular	26.84	3	80.52	Google Pay	3.9	Dubai Mall
10619	18-10-2024	Dairy	Regular	57.17	4	228.68	Credit Card	3.7	Dubai Mall
10620	30-07-2024	Beauty	Regular	187.04	3	561.12	Apple Pay	3.8	Dubai Mall
10621	04-08-2024	Home Appliances	Premium	34.48	5	172.4	Cash	3.8	Al Nahda
10622	25-03-2024	Toys	Premium	37.66	4	150.64	Debit Card	4.5	Al Nahda
10623	19-01-2024	Electronics	Premium	1403.43	1	1403.43	Cash	5	Al Barsha
10624	07-11-2024	Personal Care	Corporate	39.53	2	79.06	Debit Card	4.4	Al Nahda
10625	13-07-2024	Dairy	Regular	42.84	4	171.36	Cash	4.6	Al Nahda
10626	22-08-2024	Clothes	Student	374.26	4	1497.04	Cash	3.3	Dubai Silicon Oasis
10627	24-10-2024	Home Appliances	Regular	173.92	2	347.84	Cash	3.5	Dubai Silicon Oasis
10628	16-04-2024	Groceries	Student	169.57	4	678.28	Cash	4.1	Dubai Mall
10629	03-03-2024	Toys	Premium	28.92	5	144.6	Cash	4.8	Al Barsha
10630	30-10-2024	Clothes	Student	265.08	2	530.16	Credit Card	4.8	Al Nahda
10631	11-08-2024	Dairy	Corporate	19.54	5	97.7	Cash	4.8	Dubai Mall
10632	21-02-2024	Beauty	Regular	215.62	2	431.24	Credit Card	3.3	Al Barsha
10633	03-05-2024	Clothes	Corporate	71.64	2	143.28	Cash	3.4	Dubai Mall
10634	04-04-2024	Personal Care	Regular	12.61	1	12.61	Cash	3.4	Dubai Mall
10635	16-08-2024	Groceries	Student	206.34	5	1031.7	Credit Card	4.5	Dubai Mall
10636	07-08-2024	Personal Care	Student	28.35	4	113.4	Cash	4.8	Dubai Silicon Oasis
10637	29-06-2024	Clothes	Corporate	253.27	3	759.81	Debit Card	3.5	Al Nahda
10638	16-02-2024	Personal Care	Premium	29.45	4	117.8	Debit Card	4.6	Al Barsha
10639	06-10-2024	Electronics	Student	3634.8	1	3634.8	Apple Pay	4.1	Al Nahda
10640	19-06-2024	Toys	Corporate	220.08	1	220.08	Google Pay	3.2	Dubai Silicon Oasis
10641	24-11-2024	Dairy	Regular	29.13	6	174.78	Credit Card	4.2	Dubai Mall
10642	18-07-2024	Beauty	Regular	65.87	2	131.74	Cash	4.2	Al Barsha
10643	23-04-2024	Toys	Regular	220.94	1	220.94	Apple Pay	3.7	Al Nahda
10644	02-01-2024	Beauty	Corporate	279.61	3	838.83	Apple Pay	3.8	Al Nahda
10645	01-01-2024	Toys	Premium	105.83	3	317.49	Debit Card	3.1	Al Barsha
10646	23-01-2024	Toys	Premium	292.08	3	876.24	Cash	3.4	Dubai Silicon Oasis
10647	03-12-2024	Home Appliances	Student	104.76	5	523.8	Debit Card	4.3	Dubai Mall
10648	17-01-2024	Beauty	Student	36.21	5	181.05	Apple Pay	3.2	Al Barsha
10649	28-01-2024	Dairy	Corporate	16.64	9	149.76	Credit Card	4.3	Al Barsha
10650	03-08-2024	Electronics	Premium	2420.14	1	2420.14	Debit Card	3.7	Al Barsha
10651	20-08-2024	Home Appliances	Regular	178.53	5	892.65	Debit Card	4.8	Dubai Silicon Oasis
10652	18-09-2024	Dairy	Regular	23.99	6	143.94	Google Pay	4.8	Dubai Mall
10653	13-01-2024	Home Appliances	Corporate	165.31	3	495.93	Cash	3.5	Dubai Silicon Oasis
10654	23-03-2024	Clothes	Student	400.61	1	400.61	Google Pay	4.9	Al Nahda
10655	25-03-2024	Personal Care	Student	267.28	5	1336.4	Google Pay	4.4	Dubai Mall
10656	04-10-2024	Home Appliances	Premium	95.48	5	477.4	Credit Card	3.6	Dubai Silicon Oasis
10657	02-12-2024	Toys	Student	49.48	3	148.44	Credit Card	4.3	Al Nahda
10658	31-12-2024	Dairy	Student	23.63	7	165.41	Google Pay	3.8	Dubai Mall
10659	23-10-2024	Toys	Regular	25.87	5	129.35	Google Pay	3.5	Dubai Mall
10660	12-04-2024	Personal Care	Student	126.35	1	126.35	Apple Pay	3.5	Dubai Silicon Oasis
10661	23-12-2024	Electronics	Regular	1788.98	1	1788.98	Cash	4.9	Dubai Mall
10662	13-11-2024	Groceries	Regular	23.84	1	23.84	Google Pay	4.2	Dubai Silicon Oasis
10663	09-05-2024	Toys	Corporate	209.9	4	839.6	Google Pay	4	Dubai Mall
10664	09-06-2024	Home Appliances	Regular	187.43	5	937.15	Debit Card	3.5	Al Barsha
10665	15-08-2024	Dairy	Regular	36.57	4	146.28	Apple Pay	4	Dubai Silicon Oasis
10666	14-07-2024	Groceries	Student	99.56	1	99.56	Cash	3.5	Dubai Mall
10667	17-06-2024	Home Appliances	Student	170.22	3	510.66	Debit Card	3.2	Dubai Silicon Oasis
10668	24-09-2024	Toys	Premium	80.79	1	80.79	Debit Card	3.7	Al Nahda
10669	12-07-2024	Clothes	Student	421.17	2	842.34	Credit Card	4.2	Al Barsha
10670	06-06-2024	Home Appliances	Regular	43.09	1	43.09	Google Pay	3.2	Al Barsha
10671	11-08-2024	Personal Care	Regular	246.01	3	738.03	Apple Pay	3.6	Al Nahda
10672	29-07-2024	Electronics	Regular	2235.33	2	4470.66	Debit Card	3.1	Dubai Silicon Oasis
10673	09-07-2024	Beauty	Corporate	245.12	2	490.24	Credit Card	4.8	Dubai Mall
10674	06-11-2024	Personal Care	Premium	153	4	612	Apple Pay	4.5	Dubai Mall
10675	04-07-2024	Home Appliances	Regular	166.96	4	667.84	Google Pay	3.1	Al Nahda
10676	10-03-2024	Personal Care	Student	243.47	4	973.88	Cash	5	Dubai Silicon Oasis
10677	12-04-2024	Personal Care	Corporate	184.44	1	184.44	Apple Pay	4.2	Dubai Mall
10678	19-11-2024	Personal Care	Corporate	100.19	4	400.76	Apple Pay	4.9	Dubai Silicon Oasis
10679	27-01-2024	Personal Care	Regular	33.65	3	100.95	Credit Card	4.4	Dubai Silicon Oasis
10680	26-12-2024	Groceries	Premium	108.16	2	216.32	Credit Card	4.7	Al Barsha
10681	03-10-2024	Dairy	Student	13.83	5	69.15	Cash	3.3	Al Barsha
10682	04-03-2024	Personal Care	Corporate	228.06	3	684.18	Cash	3.5	Dubai Silicon Oasis
10683	12-04-2024	Clothes	Regular	345.54	2	691.08	Credit Card	4.9	Al Barsha
10684	10-05-2024	Personal Care	Regular	214.08	5	1070.4	Credit Card	4.6	Dubai Mall
10685	06-01-2024	Groceries	Premium	146.3	1	146.3	Apple Pay	3.1	Dubai Mall
10686	14-04-2024	Clothes	Student	202.83	4	811.32	Google Pay	4.6	Dubai Mall
10687	24-10-2024	Personal Care	Premium	59.19	3	177.57	Cash	3.6	Al Barsha
10688	05-07-2024	Dairy	Corporate	53.45	8	427.6	Apple Pay	4	Dubai Silicon Oasis
10689	29-11-2024	Home Appliances	Premium	289.46	4	1157.84	Cash	3.9	Dubai Silicon Oasis
10690	02-12-2024	Clothes	Premium	353.69	4	1414.76	Credit Card	3.9	Dubai Mall
10691	01-11-2024	Groceries	Corporate	55.87	2	111.74	Apple Pay	4	Al Nahda
10692	20-10-2024	Beauty	Student	281.42	3	844.26	Credit Card	4.7	Dubai Mall
10693	20-01-2024	Clothes	Regular	440.33	2	880.66	Credit Card	3.7	Al Nahda
10694	19-12-2024	Beauty	Student	230.24	2	460.48	Debit Card	3.2	Dubai Silicon Oasis
10695	18-06-2024	Personal Care	Regular	285	2	570	Cash	4.6	Al Nahda
10696	09-06-2024	Toys	Corporate	125.49	5	627.45	Credit Card	4	Dubai Silicon Oasis
10697	26-06-2024	Personal Care	Premium	116.58	5	582.9	Cash	3.4	Dubai Silicon Oasis
10698	28-08-2024	Personal Care	Premium	255.45	4	1021.8	Debit Card	3.8	Al Nahda
10699	22-07-2024	Clothes	Student	376.37	3	1129.11	Credit Card	3.9	Al Nahda
10700	19-03-2024	Electronics	Corporate	2001.89	2	4003.78	Cash	3.7	Dubai Mall
10701	10-04-2024	Electronics	Premium	4196.1	1	4196.1	Apple Pay	4	Al Barsha
10702	01-05-2024	Groceries	Premium	283.89	3	851.67	Credit Card	4.6	Al Barsha
10703	22-10-2024	Toys	Regular	136.53	3	409.59	Google Pay	4.9	Dubai Mall
10704	07-11-2024	Beauty	Corporate	173.38	2	346.76	Cash	3.6	Dubai Silicon Oasis
10705	10-02-2024	Electronics	Student	1737.46	1	1737.46	Google Pay	4.8	Dubai Silicon Oasis
10706	20-09-2024	Clothes	Corporate	74.92	3	224.76	Google Pay	4.6	Dubai Silicon Oasis
10707	16-08-2024	Personal Care	Corporate	291.84	4	1167.36	Cash	3.1	Al Nahda
10708	05-12-2024	Home Appliances	Premium	240.96	1	240.96	Cash	4.6	Dubai Mall
10709	01-04-2024	Electronics	Regular	1556.08	1	1556.08	Cash	3.3	Dubai Silicon Oasis
10710	26-11-2024	Personal Care	Corporate	234.99	4	939.96	Cash	3.6	Dubai Silicon Oasis
10711	18-05-2024	Home Appliances	Premium	40.67	1	40.67	Credit Card	4	Al Barsha
10712	25-07-2024	Electronics	Regular	2544.18	1	2544.18	Debit Card	3.6	Dubai Silicon Oasis
10713	19-06-2024	Clothes	Premium	308.76	2	617.52	Debit Card	3.7	Al Barsha
10714	16-10-2024	Groceries	Regular	11.48	5	57.4	Debit Card	3.4	Al Nahda
10715	04-05-2024	Beauty	Corporate	25.16	1	25.16	Cash	4.6	Al Nahda
10716	15-10-2024	Home Appliances	Premium	153.25	2	306.5	Credit Card	4.8	Dubai Mall
10717	18-09-2024	Dairy	Corporate	19.65	9	176.85	Apple Pay	4.3	Dubai Mall
10718	19-01-2024	Personal Care	Student	95.38	4	381.52	Google Pay	3.1	Al Barsha
10719	01-02-2024	Groceries	Corporate	60.19	4	240.76	Cash	3.9	Dubai Silicon Oasis
10720	27-08-2024	Home Appliances	Premium	142.46	3	427.38	Cash	4.2	Dubai Silicon Oasis
10721	25-01-2024	Beauty	Regular	116.28	1	116.28	Credit Card	4.9	Dubai Silicon Oasis
10722	11-05-2024	Beauty	Regular	139.48	5	697.4	Cash	3.1	Dubai Silicon Oasis
10723	15-09-2024	Electronics	Regular	650.02	1	650.02	Apple Pay	3.2	Al Barsha
10724	04-04-2024	Beauty	Regular	19.93	1	19.93	Cash	3.9	Al Barsha
10725	03-01-2024	Clothes	Premium	401.93	3	1205.79	Google Pay	4.1	Al Nahda
10726	10-11-2024	Beauty	Student	275.28	2	550.56	Apple Pay	4	Al Barsha
10727	20-06-2024	Groceries	Premium	58.33	3	174.99	Apple Pay	4.1	Dubai Mall
10728	05-09-2024	Groceries	Corporate	200.34	4	801.36	Cash	3.3	Al Nahda
10729	27-04-2024	Toys	Regular	247.47	2	494.94	Debit Card	3.1	Al Barsha
10730	18-05-2024	Beauty	Premium	249.54	5	1247.7	Google Pay	4.3	Dubai Silicon Oasis
10731	03-02-2024	Groceries	Regular	47.78	1	47.78	Debit Card	4.9	Al Barsha
10732	20-01-2024	Dairy	Corporate	5.68	7	39.76	Debit Card	4.4	Dubai Silicon Oasis
10733	27-01-2024	Toys	Student	210.5	2	421	Debit Card	4.2	Dubai Silicon Oasis
10734	22-02-2024	Groceries	Corporate	151.35	1	151.35	Apple Pay	4.9	Dubai Silicon Oasis
10735	01-04-2024	Home Appliances	Corporate	198.87	3	596.61	Cash	4.2	Al Barsha
10736	26-12-2024	Toys	Premium	234.25	2	468.5	Credit Card	4.9	Al Barsha
10737	24-12-2024	Electronics	Regular	4000.31	1	4000.31	Apple Pay	3	Al Barsha
10738	02-10-2024	Beauty	Premium	285.4	4	1141.6	Cash	4.3	Dubai Mall
10739	14-12-2024	Electronics	Corporate	631.54	1	631.54	Cash	4.8	Al Nahda
10740	14-10-2024	Personal Care	Student	278.97	3	836.91	Credit Card	3.7	Al Barsha
10741	10-10-2024	Groceries	Premium	126.77	1	126.77	Credit Card	3.5	Dubai Silicon Oasis
10742	17-08-2024	Electronics	Student	4715.84	1	4715.84	Apple Pay	3.2	Al Barsha
10743	11-04-2024	Home Appliances	Premium	177.73	2	355.46	Apple Pay	4.4	Al Barsha
10744	22-08-2024	Electronics	Premium	3592.72	2	7185.44	Debit Card	4	Al Barsha
10745	04-02-2024	Groceries	Premium	119.06	3	357.18	Credit Card	4	Dubai Mall
10746	21-10-2024	Clothes	Regular	145.48	2	290.96	Apple Pay	4	Dubai Silicon Oasis
10747	25-12-2024	Personal Care	Premium	37.27	5	186.35	Credit Card	4.3	Al Nahda
10748	17-12-2024	Dairy	Premium	20.34	8	162.72	Credit Card	4	Dubai Mall
10749	23-08-2024	Dairy	Student	44.66	9	401.94	Cash	3	Dubai Silicon Oasis
10750	03-06-2024	Beauty	Corporate	24.6	3	73.8	Apple Pay	4.8	Dubai Mall
10751	29-03-2024	Groceries	Student	127.71	5	638.55	Cash	3.3	Dubai Mall
10752	10-06-2024	Home Appliances	Premium	123.75	3	371.25	Cash	4.7	Dubai Silicon Oasis
10753	08-09-2024	Electronics	Student	1473.5	2	2947	Debit Card	4.1	Dubai Silicon Oasis
10754	11-01-2024	Electronics	Premium	4862.05	2	9724.1	Debit Card	4.7	Al Barsha
10755	11-08-2024	Home Appliances	Corporate	211.99	3	635.97	Cash	3.9	Al Barsha
10756	09-10-2024	Personal Care	Student	180.69	3	542.07	Credit Card	4.6	Al Nahda
10757	29-12-2024	Home Appliances	Student	206.6	5	1033	Credit Card	3.4	Al Nahda
10758	02-01-2024	Groceries	Corporate	132.93	5	664.65	Google Pay	3.4	Al Nahda
10759	13-06-2024	Clothes	Regular	231.17	1	231.17	Debit Card	4.5	Al Nahda
10760	18-02-2024	Home Appliances	Student	209.53	3	628.59	Debit Card	3.4	Dubai Mall
10761	30-12-2024	Dairy	Student	9.48	4	37.92	Cash	3.2	Dubai Mall
10762	24-02-2024	Clothes	Student	70.32	4	281.28	Google Pay	5	Al Nahda
10763	08-12-2024	Groceries	Student	51.04	3	153.12	Credit Card	4.9	Al Nahda
10764	11-12-2024	Groceries	Student	18.45	2	36.9	Apple Pay	3.2	Dubai Silicon Oasis
10765	17-09-2024	Dairy	Student	42.71	2	85.42	Credit Card	3.9	Dubai Silicon Oasis
10766	02-11-2024	Dairy	Regular	11.23	9	101.07	Debit Card	3.3	Dubai Silicon Oasis
10767	31-10-2024	Beauty	Student	244.76	5	1223.8	Cash	4.7	Al Nahda
10768	03-11-2024	Clothes	Premium	335.53	3	1006.59	Debit Card	4.3	Dubai Mall
10769	17-06-2024	Toys	Premium	59.14	4	236.56	Credit Card	4.9	Dubai Silicon Oasis
10770	05-01-2024	Personal Care	Corporate	184.01	2	368.02	Cash	4.4	Al Nahda
10771	22-12-2024	Clothes	Student	164.44	3	493.32	Google Pay	4.7	Dubai Mall
10772	07-07-2024	Groceries	Student	293.2	1	293.2	Apple Pay	3.8	Al Barsha
10773	18-10-2024	Personal Care	Premium	184.27	5	921.35	Apple Pay	4.7	Dubai Mall
10774	14-04-2024	Home Appliances	Student	115.9	5	579.5	Debit Card	3	Dubai Mall
10775	23-03-2024	Home Appliances	Regular	156.62	5	783.1	Apple Pay	4.6	Dubai Silicon Oasis
10776	30-08-2024	Beauty	Corporate	196.59	2	393.18	Credit Card	3.6	Al Nahda
10777	02-10-2024	Personal Care	Student	282.46	1	282.46	Cash	3.4	Dubai Mall
10778	01-10-2024	Personal Care	Premium	189.6	4	758.4	Credit Card	5	Dubai Mall
10779	02-02-2024	Clothes	Premium	168.18	2	336.36	Google Pay	3.5	Al Nahda
10780	20-10-2024	Personal Care	Corporate	255.71	3	767.13	Google Pay	4.3	Al Barsha
10781	06-11-2024	Groceries	Premium	176.56	3	529.68	Debit Card	4.7	Al Nahda
10782	20-05-2024	Personal Care	Student	45.84	1	45.84	Google Pay	3.4	Al Barsha
10783	26-04-2024	Personal Care	Corporate	78.27	1	78.27	Cash	4	Dubai Mall
10784	20-02-2024	Home Appliances	Premium	83.92	5	419.6	Cash	4.5	Al Nahda
10785	21-08-2024	Beauty	Student	232.64	2	465.28	Apple Pay	3.5	Al Barsha
10786	15-12-2024	Toys	Corporate	14.84	5	74.2	Apple Pay	3.6	Al Barsha
10787	26-02-2024	Groceries	Premium	163.14	5	815.7	Debit Card	4	Al Nahda
10788	04-04-2024	Personal Care	Corporate	251.08	1	251.08	Apple Pay	4.5	Al Nahda
10789	13-06-2024	Groceries	Corporate	181.71	2	363.42	Cash	4.2	Al Barsha
10790	29-06-2024	Home Appliances	Student	129.39	4	517.56	Debit Card	3.7	Al Barsha
10791	13-07-2024	Electronics	Student	4251.41	1	4251.41	Cash	3	Dubai Silicon Oasis
10792	04-10-2024	Personal Care	Regular	170.36	1	170.36	Debit Card	3	Al Nahda
10793	23-03-2024	Beauty	Corporate	103.82	1	103.82	Cash	3.5	Dubai Silicon Oasis
10794	03-11-2024	Beauty	Premium	282.04	1	282.04	Credit Card	3.7	Al Nahda
10795	30-08-2024	Dairy	Regular	8.44	10	84.4	Debit Card	4.5	Al Barsha
10796	06-09-2024	Clothes	Premium	175.74	1	175.74	Cash	3.4	Al Barsha
10797	10-07-2024	Dairy	Premium	31.19	10	311.9	Cash	3.7	Dubai Silicon Oasis
10798	04-05-2024	Home Appliances	Student	107.37	4	429.48	Credit Card	3.4	Dubai Mall
10799	03-04-2024	Clothes	Regular	270.66	2	541.32	Google Pay	3.4	Dubai Silicon Oasis
10800	22-03-2024	Beauty	Student	48.92	2	97.84	Debit Card	4.8	Dubai Mall
10801	26-12-2024	Toys	Regular	23.37	5	116.85	Apple Pay	4.9	Dubai Mall
10802	06-10-2024	Dairy	Corporate	57.96	9	521.64	Debit Card	3.2	Al Barsha
10803	09-07-2024	Personal Care	Corporate	250.16	4	1000.64	Google Pay	4.4	Al Barsha
10804	16-12-2024	Home Appliances	Regular	285.5	5	1427.5	Google Pay	3.5	Al Nahda
10805	11-12-2024	Clothes	Regular	142.63	1	142.63	Google Pay	3.2	Dubai Mall
10806	10-04-2024	Dairy	Student	26.96	7	188.72	Google Pay	4	Dubai Mall
10807	14-08-2024	Personal Care	Corporate	79.12	1	79.12	Apple Pay	3.1	Al Barsha
10808	30-12-2024	Clothes	Regular	207.75	2	415.5	Apple Pay	3.3	Al Barsha
10809	19-02-2024	Personal Care	Regular	132.38	4	529.52	Google Pay	3.9	Al Barsha
10810	31-10-2024	Clothes	Corporate	425.94	4	1703.76	Credit Card	4.7	Al Nahda
10811	16-01-2024	Dairy	Premium	16.78	2	33.56	Google Pay	3.1	Al Barsha
10812	22-09-2024	Electronics	Regular	4451.01	2	8902.02	Google Pay	3.9	Dubai Silicon Oasis
10813	21-08-2024	Home Appliances	Regular	65.26	2	130.52	Cash	4.4	Dubai Silicon Oasis
10814	25-12-2024	Beauty	Student	292.56	4	1170.24	Apple Pay	4.5	Dubai Silicon Oasis
10815	09-06-2024	Personal Care	Corporate	75.2	5	376	Google Pay	3.9	Al Nahda
10816	06-05-2024	Personal Care	Premium	56.05	1	56.05	Apple Pay	3.5	Dubai Mall
10817	20-03-2024	Home Appliances	Premium	103.24	3	309.72	Apple Pay	4.2	Dubai Silicon Oasis
10818	16-05-2024	Dairy	Corporate	57.44	9	516.96	Apple Pay	4.6	Dubai Silicon Oasis
10819	02-05-2024	Personal Care	Student	281.6	1	281.6	Cash	4	Al Nahda
10820	14-04-2024	Personal Care	Corporate	165.56	5	827.8	Google Pay	4.6	Dubai Mall
10821	30-04-2024	Electronics	Premium	3797.13	1	3797.13	Credit Card	4.5	Dubai Mall
10822	28-05-2024	Electronics	Corporate	3698.4	2	7396.8	Apple Pay	4.8	Al Nahda
10823	07-06-2024	Groceries	Regular	148.58	4	594.32	Cash	4.4	Al Barsha
10824	17-06-2024	Groceries	Regular	101.14	2	202.28	Credit Card	3.9	Al Barsha
10825	19-11-2024	Toys	Regular	207.46	4	829.84	Debit Card	3.7	Al Barsha
10826	04-09-2024	Clothes	Premium	155.76	1	155.76	Apple Pay	4.9	Al Barsha
10827	01-05-2024	Toys	Regular	152.32	4	609.28	Apple Pay	3.1	Al Barsha
10828	07-03-2024	Clothes	Student	434.39	2	868.78	Debit Card	3.1	Al Barsha
10829	27-01-2024	Groceries	Premium	242.2	1	242.2	Debit Card	3.3	Dubai Mall
10830	31-03-2024	Dairy	Premium	27.39	7	191.73	Apple Pay	3.6	Al Barsha
10831	15-03-2024	Toys	Regular	42.63	4	170.52	Cash	3.2	Al Nahda
10832	20-01-2024	Beauty	Student	279.94	5	1399.7	Apple Pay	4	Al Barsha
10833	01-12-2024	Home Appliances	Premium	235.3	2	470.6	Google Pay	4.7	Al Barsha
10834	14-03-2024	Dairy	Premium	56.6	9	509.4	Apple Pay	3.5	Dubai Mall
10835	06-03-2024	Dairy	Regular	7.92	1	7.92	Apple Pay	4.9	Al Barsha
10836	13-05-2024	Clothes	Premium	235.06	3	705.18	Cash	4.8	Dubai Silicon Oasis
10837	17-05-2024	Clothes	Premium	363	2	726	Apple Pay	3	Al Nahda
10838	06-08-2024	Electronics	Corporate	1659.33	2	3318.66	Cash	4.2	Dubai Silicon Oasis
10839	19-12-2024	Beauty	Regular	168.98	4	675.92	Cash	3.9	Dubai Silicon Oasis
10840	19-05-2024	Electronics	Premium	709.21	2	1418.42	Google Pay	3.7	Al Barsha
10841	27-09-2024	Clothes	Corporate	91.41	2	182.82	Apple Pay	4.5	Al Nahda
10842	27-06-2024	Home Appliances	Regular	273.13	1	273.13	Apple Pay	4.1	Al Barsha
10843	23-11-2024	Electronics	Premium	3714.97	2	7429.94	Google Pay	4.5	Al Nahda
10844	07-11-2024	Personal Care	Regular	228.01	2	456.02	Cash	4.4	Dubai Mall
10845	18-12-2024	Personal Care	Corporate	160.02	5	800.1	Google Pay	4.5	Al Nahda
10846	26-08-2024	Toys	Student	177.82	4	711.28	Apple Pay	3.9	Dubai Silicon Oasis
10847	15-03-2024	Beauty	Corporate	133.58	1	133.58	Credit Card	3.3	Dubai Mall
10848	24-07-2024	Groceries	Regular	134.14	5	670.7	Google Pay	4.8	Al Nahda
10849	04-06-2024	Electronics	Student	1754.8	2	3509.6	Debit Card	3.4	Dubai Mall
10850	29-08-2024	Home Appliances	Regular	214.12	5	1070.6	Credit Card	4	Dubai Silicon Oasis
10851	26-05-2024	Home Appliances	Student	88.71	2	177.42	Credit Card	5	Dubai Silicon Oasis
10852	28-07-2024	Electronics	Regular	1737.01	1	1737.01	Cash	4.2	Dubai Silicon Oasis
10853	02-10-2024	Toys	Regular	93.53	1	93.53	Google Pay	4.9	Dubai Mall
10854	29-06-2024	Personal Care	Regular	109.7	3	329.1	Debit Card	4.2	Dubai Mall
10855	14-05-2024	Home Appliances	Premium	31.32	1	31.32	Credit Card	4.7	Dubai Mall
10856	03-05-2024	Beauty	Student	180.73	3	542.19	Debit Card	4.7	Al Nahda
10857	15-09-2024	Dairy	Premium	32.44	5	162.2	Cash	3.3	Dubai Mall
10858	21-03-2024	Clothes	Premium	214.7	4	858.8	Cash	3.6	Al Barsha
10859	29-11-2024	Beauty	Regular	111.02	1	111.02	Debit Card	4.4	Al Nahda
10860	27-02-2024	Electronics	Premium	1510.81	2	3021.62	Apple Pay	5	Dubai Mall
10861	14-02-2024	Home Appliances	Regular	277.65	5	1388.25	Credit Card	4.1	Dubai Mall
10862	24-07-2024	Beauty	Corporate	186.1	2	372.2	Apple Pay	3.5	Dubai Silicon Oasis
10863	06-07-2024	Dairy	Regular	54.86	1	54.86	Apple Pay	3.7	Dubai Silicon Oasis
10864	13-12-2024	Clothes	Student	326.73	1	326.73	Cash	4	Dubai Silicon Oasis
10865	12-02-2024	Clothes	Corporate	131.54	1	131.54	Apple Pay	4.6	Dubai Mall
10866	01-12-2024	Personal Care	Premium	259.56	2	519.12	Debit Card	4.7	Dubai Silicon Oasis
10867	18-02-2024	Dairy	Regular	27.63	7	193.41	Google Pay	4.4	Al Barsha
10868	02-11-2024	Personal Care	Student	95.3	2	190.6	Credit Card	4.8	Al Nahda
10869	16-02-2024	Beauty	Student	70.21	2	140.42	Apple Pay	4.8	Al Nahda
10870	29-07-2024	Electronics	Regular	2344.31	2	4688.62	Cash	4.9	Al Barsha
10871	24-05-2024	Home Appliances	Student	148.06	5	740.3	Google Pay	4.7	Dubai Mall
10872	27-07-2024	Electronics	Regular	1539.14	2	3078.28	Debit Card	4.9	Al Nahda
10873	13-12-2024	Personal Care	Regular	67.71	5	338.55	Cash	4.1	Al Barsha
10874	07-11-2024	Clothes	Student	238.71	2	477.42	Debit Card	4.6	Dubai Silicon Oasis
10875	18-08-2024	Home Appliances	Student	125.6	5	628	Credit Card	3.3	Al Barsha
10876	16-10-2024	Personal Care	Corporate	57.53	3	172.59	Cash	3.6	Al Barsha
10877	12-07-2024	Home Appliances	Student	117.94	2	235.88	Apple Pay	3.4	Al Barsha
10878	13-07-2024	Home Appliances	Corporate	33.18	2	66.36	Debit Card	3.7	Al Barsha
10879	02-10-2024	Groceries	Student	84.6	4	338.4	Google Pay	3.9	Dubai Silicon Oasis
10880	10-03-2024	Home Appliances	Regular	272.6	3	817.8	Cash	4.6	Al Barsha
10881	12-06-2024	Beauty	Premium	171.27	5	856.35	Apple Pay	3.5	Dubai Mall
10882	22-11-2024	Personal Care	Corporate	282.73	2	565.46	Google Pay	3.6	Al Nahda
10883	27-06-2024	Dairy	Regular	18.59	2	37.18	Cash	3.9	Al Barsha
10884	27-08-2024	Clothes	Premium	393.8	2	787.6	Cash	5	Al Barsha
10885	04-01-2024	Electronics	Corporate	3429.87	2	6859.74	Google Pay	4.8	Dubai Mall
10886	13-12-2024	Clothes	Corporate	46.06	3	138.18	Google Pay	3.1	Al Nahda
10887	28-08-2024	Electronics	Premium	631.92	2	1263.84	Debit Card	4.3	Al Nahda
10888	07-10-2024	Toys	Regular	79.15	3	237.45	Google Pay	4.8	Dubai Silicon Oasis
10889	14-02-2024	Home Appliances	Regular	129.02	5	645.1	Credit Card	4.5	Dubai Mall
10890	13-04-2024	Electronics	Corporate	3865.26	2	7730.52	Credit Card	3.1	Dubai Silicon Oasis
10891	11-04-2024	Groceries	Regular	171.95	4	687.8	Debit Card	3.1	Dubai Mall
10892	13-05-2024	Toys	Regular	65.53	3	196.59	Credit Card	4.8	Al Nahda
10893	03-07-2024	Groceries	Regular	22.94	3	68.82	Google Pay	4.2	Al Nahda
10894	22-02-2024	Groceries	Student	179.93	4	719.72	Cash	3.5	Dubai Mall
10895	17-11-2024	Groceries	Student	278.74	1	278.74	Debit Card	4.7	Al Nahda
10896	06-09-2024	Toys	Regular	130.9	5	654.5	Debit Card	3.2	Dubai Mall
10897	30-05-2024	Groceries	Regular	81.57	2	163.14	Apple Pay	4.4	Dubai Mall
10898	05-04-2024	Beauty	Regular	167.52	1	167.52	Apple Pay	3.9	Dubai Mall
10899	25-12-2024	Electronics	Regular	1398.73	1	1398.73	Debit Card	4.5	Al Nahda
10900	22-10-2024	Electronics	Student	3071.41	1	3071.41	Cash	4.1	Al Nahda
10901	14-11-2024	Electronics	Student	2329.21	1	2329.21	Cash	3	Al Barsha
10902	24-09-2024	Dairy	Premium	52.81	10	528.1	Google Pay	3	Dubai Mall
10903	08-03-2024	Dairy	Premium	53.53	2	107.06	Debit Card	4	Dubai Mall
10904	15-04-2024	Home Appliances	Student	98.72	3	296.16	Google Pay	4	Al Barsha
10905	14-11-2024	Dairy	Student	56.84	4	227.36	Apple Pay	4.8	Al Nahda
10906	20-03-2024	Electronics	Student	3972.68	2	7945.36	Credit Card	4.7	Al Nahda
10907	16-03-2024	Beauty	Student	278.74	5	1393.7	Debit Card	4.2	Al Nahda
10908	03-03-2024	Personal Care	Regular	56.45	2	112.9	Apple Pay	3.3	Al Barsha
10909	24-08-2024	Beauty	Student	232.7	2	465.4	Credit Card	4.9	Al Nahda
10910	30-01-2024	Home Appliances	Premium	259.05	2	518.1	Apple Pay	3.3	Al Nahda
10911	16-07-2024	Beauty	Regular	237.32	3	711.96	Credit Card	4.5	Dubai Mall
10912	29-11-2024	Electronics	Corporate	3805.62	1	3805.62	Apple Pay	3.6	Al Barsha
10913	14-11-2024	Toys	Student	238.99	4	955.96	Google Pay	4.3	Al Nahda
10914	09-10-2024	Clothes	Premium	206.81	2	413.62	Cash	5	Al Barsha
10915	12-01-2024	Beauty	Regular	147.3	2	294.6	Apple Pay	4.7	Dubai Mall
10916	26-04-2024	Toys	Regular	103.26	5	516.3	Google Pay	4.4	Dubai Silicon Oasis
10917	30-03-2024	Electronics	Regular	1662.48	1	1662.48	Debit Card	4.6	Al Nahda
10918	15-03-2024	Electronics	Student	4880.6	1	4880.6	Apple Pay	4.9	Dubai Mall
10919	04-04-2024	Beauty	Regular	168.35	5	841.75	Credit Card	3.1	Dubai Mall
10920	27-08-2024	Dairy	Student	43.71	9	393.39	Debit Card	3.5	Dubai Mall
10921	17-10-2024	Groceries	Premium	243.4	1	243.4	Cash	3.8	Al Barsha
10922	11-12-2024	Clothes	Corporate	226.78	1	226.78	Cash	3.9	Dubai Mall
10923	18-08-2024	Dairy	Regular	26.81	5	134.05	Apple Pay	3.1	Dubai Silicon Oasis
10924	30-10-2024	Dairy	Premium	41.93	7	293.51	Google Pay	4.9	Dubai Mall
10925	29-06-2024	Toys	Corporate	226.02	3	678.06	Credit Card	3.2	Dubai Silicon Oasis
10926	29-10-2024	Toys	Student	253.95	5	1269.75	Debit Card	3.9	Dubai Silicon Oasis
10927	29-12-2024	Electronics	Regular	4420.53	1	4420.53	Apple Pay	3.9	Al Nahda
10928	30-05-2024	Clothes	Student	107.99	1	107.99	Debit Card	4.8	Al Barsha
10929	15-06-2024	Toys	Regular	21.34	3	64.02	Google Pay	4.4	Dubai Silicon Oasis
10930	03-10-2024	Groceries	Premium	86.81	4	347.24	Google Pay	5	Al Barsha
10931	21-10-2024	Dairy	Regular	38.88	3	116.64	Debit Card	3.5	Al Barsha
10932	09-09-2024	Beauty	Premium	100.73	4	402.92	Debit Card	4.4	Al Barsha
10933	28-02-2024	Dairy	Premium	49.48	8	395.84	Google Pay	3.7	Dubai Silicon Oasis
10934	03-02-2024	Clothes	Regular	431.87	2	863.74	Cash	4.9	Dubai Mall
10935	21-12-2024	Groceries	Corporate	207.85	4	831.4	Cash	4.1	Al Barsha
10936	18-03-2024	Clothes	Student	168.13	4	672.52	Debit Card	4.7	Dubai Mall
10937	23-07-2024	Toys	Corporate	279.82	5	1399.1	Debit Card	3.2	Al Barsha
10938	16-02-2024	Dairy	Corporate	36.29	5	181.45	Apple Pay	4.7	Al Nahda
10939	27-05-2024	Groceries	Regular	186.65	2	373.3	Debit Card	5	Al Barsha
10940	10-10-2024	Groceries	Premium	223.47	4	893.88	Credit Card	4.7	Al Barsha
10941	04-04-2024	Groceries	Corporate	213.7	3	641.1	Google Pay	4.1	Dubai Silicon Oasis
10942	14-02-2024	Beauty	Student	199.38	1	199.38	Debit Card	4.4	Dubai Mall
10943	17-10-2024	Groceries	Premium	88.57	4	354.28	Debit Card	3.3	Al Barsha
10944	24-12-2024	Groceries	Premium	246.92	5	1234.6	Cash	4.6	Al Barsha
10945	23-06-2024	Electronics	Corporate	4155.28	1	4155.28	Cash	3.8	Dubai Mall
10946	30-12-2024	Beauty	Corporate	110.01	1	110.01	Apple Pay	4.7	Al Barsha
10947	18-05-2024	Groceries	Student	238.72	4	954.88	Credit Card	3.1	Al Barsha
10948	07-03-2024	Home Appliances	Student	276.89	2	553.78	Google Pay	4.6	Dubai Mall
10949	26-07-2024	Personal Care	Corporate	86.25	2	172.5	Google Pay	3.2	Dubai Mall
10950	06-03-2024	Beauty	Corporate	250.59	3	751.77	Google Pay	4	Al Barsha
10951	03-08-2024	Clothes	Premium	68.56	4	274.24	Credit Card	4.1	Dubai Mall
10952	25-02-2024	Personal Care	Regular	147.38	5	736.9	Apple Pay	4.9	Dubai Mall
10953	10-03-2024	Dairy	Student	57.64	2	115.28	Credit Card	3.6	Al Nahda
10954	01-10-2024	Dairy	Regular	13.38	10	133.8	Apple Pay	3.7	Dubai Mall
10955	13-12-2024	Personal Care	Regular	273.25	3	819.75	Debit Card	4.7	Al Nahda
10956	08-07-2024	Home Appliances	Premium	32.48	5	162.4	Apple Pay	4.9	Al Nahda
10957	15-04-2024	Beauty	Student	177.37	2	354.74	Cash	4.5	Al Barsha
10958	20-10-2024	Electronics	Student	1166.72	2	2333.44	Cash	4.5	Dubai Mall
10959	14-05-2024	Groceries	Premium	153.19	4	612.76	Google Pay	3.5	Dubai Mall
10960	06-09-2024	Clothes	Regular	436.19	1	436.19	Credit Card	4.3	Dubai Mall
10961	25-12-2024	Groceries	Regular	62.95	3	188.85	Credit Card	3.1	Dubai Mall
10962	03-07-2024	Home Appliances	Premium	93.23	5	466.15	Cash	4.7	Dubai Silicon Oasis
10963	16-01-2024	Electronics	Premium	857.54	1	857.54	Google Pay	4.7	Dubai Silicon Oasis
10964	10-01-2024	Beauty	Premium	86.83	1	86.83	Google Pay	4.2	Al Barsha
10965	28-02-2024	Clothes	Corporate	126.05	2	252.1	Debit Card	4.3	Dubai Mall
10966	03-01-2024	Groceries	Regular	226.73	5	1133.65	Cash	3.5	Al Nahda
10967	24-02-2024	Toys	Corporate	217.05	3	651.15	Credit Card	4	Al Nahda
10968	30-06-2024	Groceries	Corporate	26.12	5	130.6	Google Pay	3.3	Al Nahda
10969	12-04-2024	Personal Care	Regular	283.22	1	283.22	Google Pay	4.7	Dubai Silicon Oasis
10970	22-05-2024	Dairy	Premium	58.88	4	235.52	Cash	3.3	Al Nahda
10971	14-05-2024	Clothes	Student	434.31	1	434.31	Google Pay	3.5	Dubai Mall
10972	07-11-2024	Beauty	Premium	56.26	4	225.04	Credit Card	3.5	Al Barsha
10973	05-04-2024	Clothes	Regular	329.04	2	658.08	Credit Card	4.9	Al Barsha
10974	15-11-2024	Beauty	Corporate	147.14	1	147.14	Debit Card	4.3	Dubai Mall
10975	10-03-2024	Groceries	Premium	39.14	2	78.28	Google Pay	4.9	Dubai Silicon Oasis
10976	07-01-2024	Electronics	Regular	4827.55	2	9655.1	Debit Card	3.9	Dubai Silicon Oasis
10977	09-01-2024	Dairy	Premium	51.48	2	102.96	Apple Pay	3.3	Al Nahda
10978	18-06-2024	Beauty	Premium	130.15	5	650.75	Cash	4	Dubai Mall
10979	08-01-2024	Electronics	Regular	4462.01	2	8924.02	Google Pay	3.5	Dubai Silicon Oasis
10980	24-11-2024	Home Appliances	Regular	245.72	2	491.44	Debit Card	4.3	Dubai Mall
10981	02-12-2024	Dairy	Premium	21.74	6	130.44	Credit Card	4.2	Dubai Mall
10982	14-07-2024	Home Appliances	Student	67.29	1	67.29	Debit Card	4.9	Dubai Silicon Oasis
10983	17-08-2024	Beauty	Student	114.95	1	114.95	Credit Card	4.4	Al Nahda
10984	11-08-2024	Electronics	Regular	1705.88	2	3411.76	Apple Pay	4.9	Dubai Silicon Oasis
10985	29-06-2024	Personal Care	Regular	230.57	5	1152.85	Debit Card	4.1	Dubai Silicon Oasis
10986	13-07-2024	Groceries	Student	78.45	4	313.8	Debit Card	3	Dubai Silicon Oasis
10987	30-04-2024	Groceries	Corporate	20.84	3	62.52	Google Pay	4.5	Al Barsha
10988	22-02-2024	Clothes	Corporate	320.36	3	961.08	Debit Card	3.5	Dubai Mall
10989	19-06-2024	Personal Care	Student	224.19	3	672.57	Cash	3.4	Al Nahda
10990	11-02-2024	Personal Care	Premium	146.22	3	438.66	Cash	3.9	Dubai Mall
10991	02-08-2024	Electronics	Regular	4998.63	1	4998.63	Cash	4.3	Dubai Mall
10992	23-12-2024	Personal Care	Student	174.99	1	174.99	Google Pay	3.4	Dubai Mall
10993	10-12-2024	Dairy	Student	22.66	6	135.96	Google Pay	4.5	Al Barsha
10994	20-07-2024	Personal Care	Student	161.86	1	161.86	Apple Pay	3.6	Al Nahda
10995	01-05-2024	Dairy	Student	36.26	4	145.04	Google Pay	4.3	Dubai Mall
10996	25-03-2024	Beauty	Corporate	55.18	2	110.36	Credit Card	4	Al Barsha
10997	27-09-2024	Electronics	Regular	1352.01	2	2704.02	Credit Card	3.1	Al Barsha
10998	27-02-2024	Beauty	Regular	140.91	5	704.55	Google Pay	4	Dubai Silicon Oasis
10999	07-06-2024	Toys	Regular	112.86	4	451.44	Debit Card	3.8	Dubai Silicon Oasis
